,JavaScript,,,,,,,,,,,
Java,,,,,,SQL,,,C,,,
Java,JavaScript,,,,,SQL,,,,,,
Java,,,,,,,,,,,,Haskell
Java,JavaScript,CSS,PHP,,,SQL,,C++,C,Perl,,
,JavaScript,,,,,SQL,C#,,,,,
,JavaScript,CSS,PHP,Python,,SQL,C#,C++,C,Perl,,
,JavaScript,CSS,PHP,,,SQL,,,,,,
,,,,,,,C#,,,,,
,,,,,,,,,,,,
,,,,,,SQL,C#,C++,C,,,
,JavaScript,,,Python,,SQL,,C++,C,Perl,,
,,,,,,,C#,,,,,
Java,JavaScript,CSS,PHP,Python,,SQL,,,C,,,
Java,,,,Python,,SQL,,,,,,
,JavaScript,CSS,,,,SQL,C#,,,Perl,,VB
Java,,,,Python,,SQL,C#,,C,,,MATLAB
,,,,,,SQL,C#,,,,,
Java,JavaScript,CSS,PHP,,,,,,,,,
Java,,,,Python,,,C#,,,,,
,JavaScript,CSS,,,,SQL,C#,,,,,
Java,,,,Python,,,,C++,,,,
,,,PHP,,,SQL,C#,C++,C,,,
,JavaScript,CSS,,,,SQL,C#,,,,,
,,,,,,SQL,C#,,,,,
,,CSS,,,,SQL,C#,C++,,,,
,,,,,,SQL,C#,,,,,
Java,,,,,,SQL,C#,,,,,
,,,,,,,,,,,,
,JavaScript,CSS,,,,SQL,C#,,,,,
Java,JavaScript,CSS,,Python,Ruby,SQL,C#,C++,C,,,
Java,,,PHP,Python,,,,C++,C,,,
,JavaScript,CSS,,,,SQL,C#,,,,,
Java,JavaScript,,,Python,,,,,,,,
,,,,,,,,,,,,
Java,JavaScript,,,,,,,,,,,Objective-C 2.0
,JavaScript,CSS,,,,,,,,,,
Java,,,,,,SQL,C#,,,,,
,JavaScript,,,,,SQL,C#,,,,,
,JavaScript,,,,,,C#,,,,,
,,,,,,,C#,C++,,,,
,,,,,,,,,,,,Objective-C
Java,JavaScript,CSS,PHP,,,SQL,,,,Perl,,
,,CSS,,Python,,,,,,,,
Java,JavaScript,CSS,,,,SQL,C#,,,,,
,JavaScript,CSS,PHP,,,SQL,,,C,,,
Java,JavaScript,CSS,PHP,Python,,SQL,,,,,,
,JavaScript,CSS,,,,SQL,,,,,,VBA
,JavaScript,,,,,SQL,C#,,,,,
,,,,,,SQL,C#,,,,,"VB.NET, WPF, Silverlight, Entity-Framework"
Java,,,,,,,,,C,,,
Java,JavaScript,CSS,PHP,,,SQL,,,,,,
,JavaScript,CSS,PHP,,Ruby,,C#,C++,C,,,
,,,,Python,,,,,,,,
Java,JavaScript,CSS,PHP,,,SQL,,C++,C,,,
,JavaScript,,,,,SQL,C#,,C,,,
Java,JavaScript,CSS,PHP,Python,,SQL,,,C,,,
,,,,Python,,,,C++,C,,,
,JavaScript,CSS,,,,SQL,C#,,,,,
Java,,,,,,SQL,C#,C++,C,,,
Java,,,,,,,,,C,Perl,,Ada
,JavaScript,,,,,SQL,C#,,,,,
,JavaScript,CSS,PHP,Python,,SQL,,,,,,ASP Classic
,,CSS,PHP,,,SQL,,,,Perl,,
,JavaScript,,,,,SQL,C#,,,,,
,JavaScript,CSS,,Python,,,C#,C++,C,,,
,JavaScript,CSS,PHP,,,SQL,,,C,Perl,,
,,,,Python,,,,C++,C,,,
Java,JavaScript,CSS,PHP,,,SQL,,,,,,
Java,JavaScript,CSS,PHP,,Ruby,SQL,,,,,,
,,,,,,SQL,C#,,,,,
,,,,,,,,,,,,
,JavaScript,CSS,PHP,,,SQL,,,,,,actionscript
Java,,,,,,,,C++,C,Perl,,
Java,,,,,,SQL,,,C,,,
,,,,,,,,C++,,,,Mathematica
,,,,,,,,,C,,,Objective-C
Java,,,,Python,,,,C++,,,,
,,,,Python,,SQL,,C++,,,,vb.net
Java,,,,Python,,,C#,C++,,,,
,,,,,,,,,,,,
Java,JavaScript,CSS,PHP,Python,,SQL,,,C,,,
Java,JavaScript,CSS,PHP,Python,,SQL,C#,C++,C,,,
,JavaScript,CSS,,,,SQL,,,,,,CFML
,JavaScript,CSS,PHP,,,SQL,C#,,,,,coldfusion
,JavaScript,,,,,,C#,,,,,
,,,,,,,,,,,,
Java,,,,,,SQL,C#,C++,C,,,
,JavaScript,CSS,,,,SQL,C#,,,,,
Java,JavaScript,CSS,PHP,Python,,SQL,,,,,,
,,,,,,SQL,,C++,C,Perl,,
,,,,,,SQL,,,,,,R; VBA
Java,,,,,,,,,,,,
,,,,,,SQL,,,,,,Object Pascal
,,,,,,,C#,,,,,"VB.NET, VB6, VBA"
,,,,,Ruby,SQL,C#,,,Perl,,
,,,,,,,,,,,,
,,CSS,,,,,,,,,,
Java,,,PHP,Python,,,C#,C++,C,,,
,JavaScript,CSS,,Python,,,,,,Perl,,
,,,,,,,C#,,C,,,
Java,,CSS,PHP,,,,,,,,,
,,,,,,SQL,C#,,,,,
,JavaScript,CSS,PHP,,,SQL,C#,,,,,
,,,,,,,,,,,,
Java,,,PHP,Python,,SQL,,C++,C,Perl,,
,,,PHP,,,SQL,,C++,C,,,
,JavaScript,CSS,,,,SQL,C#,,,,,VB.NET
,,,,,,,,,,,,
,,CSS,PHP,,,SQL,,,,,,
,,,,,,SQL,,,C,Perl,,
,,,,Python,,,,C++,C,Perl,,Maple bash
,JavaScript,,PHP,,,SQL,,,C,Perl,,
Java,,,,Python,,,,C++,C,,,
,,,,,,,C#,C++,C,,,
Java,JavaScript,,PHP,,,SQL,,C++,C,Perl,,
Java,,,,,,,C#,,C,,,
Java,JavaScript,CSS,PHP,,,SQL,C#,,,,,
Java,,,,,,SQL,C#,,,,,
,JavaScript,CSS,,,,SQL,C#,,,,,
,JavaScript,,,,,SQL,C#,,,,,
Java,,,,,,SQL,C#,,,,,
,,,,,,,,,,,,
Java,,,,Python,,,,,,,,
,,,,,,,,C++,C,,,
,,,,Python,,,,,,,,
Java,JavaScript,,,Python,,,,C++,C,Perl,,
Java,,,,,,,,C++,C,,,
,,,,,,,,,,,,Visual Dataflex
Java,JavaScript,CSS,PHP,,,SQL,,,,,,
Java,JavaScript,,PHP,,,,,,C,,,
Java,JavaScript,CSS,PHP,,,SQL,C#,C++,,,,
,JavaScript,,PHP,,,SQL,C#,,,,,
,,,,,,,,C++,,,,
,,,,,,,,,,,,
,JavaScript,CSS,PHP,,,SQL,C#,,,,,
,,,,,,,,,,,None,
,JavaScript,CSS,PHP,,,SQL,,,,Perl,,
,,,,,,,,,,,,
Java,,,PHP,Python,,SQL,,,C,,,
Java,JavaScript,CSS,PHP,,,,,C++,,,,XSLT
,,,,,,,,,,,,
,JavaScript,CSS,PHP,,,,,,,,,"If CSS is a language, surely so is HTML?"
Java,JavaScript,CSS,,,Ruby,SQL,,C++,C,Perl,,
,,,,,,,,,,,,
,JavaScript,CSS,,,,SQL,C#,,,,,
Java,JavaScript,CSS,PHP,,,SQL,C#,C++,C,,,
,,,,Python,,,,C++,C,,,
,JavaScript,,,,,,,C++,C,Perl,,
Java,JavaScript,CSS,PHP,Python,,,,C++,C,,,
Java,JavaScript,CSS,,,,SQL,C#,,,,,
,,CSS,PHP,,,SQL,,C++,,,,jQuery
Java,JavaScript,CSS,,,,SQL,,,,,,
,,,,,,,,,,,,
,JavaScript,CSS,PHP,Python,Ruby,SQL,C#,C++,C,,,ActionScript
,JavaScript,CSS,PHP,,,,,,,,,
Java,JavaScript,,,,Ruby,,C#,,,,,
,JavaScript,,PHP,,,SQL,C#,,,,,
,,CSS,PHP,,,SQL,,,,,,ASP
Java,,,,Python,,SQL,C#,C++,C,,,
,,,,,,,,,,,,
Java,,,PHP,Python,,,,,,,,
Java,JavaScript,CSS,PHP,,,,,C++,C,,,
Java,JavaScript,CSS,PHP,,,SQL,C#,,,,,
,,,,,Ruby,SQL,C#,,,,,
Java,,,,,,,,,,,,
,JavaScript,CSS,PHP,,,,,,,,,
,,,,,,,C#,C++,C,,,
Java,JavaScript,CSS,,,,SQL,C#,,,,,
,,CSS,PHP,Python,,SQL,C#,,,,,VB.NET
Java,JavaScript,,,,,,,,,,,
Java,,,PHP,,,SQL,C#,,,,,Delphi
,,,,,,,,,,,None,
,,,,,,,,C++,C,,,
Java,JavaScript,CSS,,Python,,SQL,,,C,,,Scala and so on
Java,,,PHP,,,SQL,,C++,C,,,
,JavaScript,,,,,SQL,,C++,C,,,
Java,,,,,,SQL,C#,,,,,
,,,,,,,,,,,,
,JavaScript,CSS,PHP,Python,,SQL,,,,,,
Java,,,,,,,,,,,,
Java,JavaScript,CSS,,Python,,SQL,C#,,C,,,
,JavaScript,,,Python,,SQL,,,C,,,
,,,,,,,,,C,,,
,,CSS,,,,,,C++,C,,,Haskell
,,,,,,,,,,,,
,,,,,,SQL,C#,,,,,
,,,,,,,,,,,,
Java,JavaScript,CSS,,,,SQL,,,,Perl,,
,,,,,,,,,,,,
Java,JavaScript,CSS,,,Ruby,SQL,C#,,C,,,
,,CSS,,,,SQL,C#,,,,,VB.Net
,JavaScript,CSS,PHP,,,SQL,,,C,Perl,,
,JavaScript,CSS,,Python,,SQL,,,,,,
Java,,CSS,PHP,,Ruby,SQL,,C++,C,,,
Java,,,,,,SQL,,,,,,
,JavaScript,CSS,PHP,,,SQL,C#,,,,,
Java,JavaScript,CSS,PHP,Python,,SQL,,C++,C,,,scheme
,JavaScript,CSS,PHP,,,SQL,,,,,,VB/VBScript
Java,JavaScript,CSS,PHP,Python,Ruby,SQL,,C++,C,Perl,,
Java,,,,Python,,,,,,,,Smalltalk
,,CSS,,,,SQL,C#,,,,,
,JavaScript,CSS,PHP,,Ruby,SQL,C#,,,,,
Java,,,,,,,C#,,,,,
,,CSS,PHP,Python,,SQL,,,,,,
Java,JavaScript,CSS,,,,SQL,C#,,,,,
,,,,,,,,C++,C,,,Objective-C
,JavaScript,,,,,SQL,C#,,,,,
Java,,,,,,SQL,,,,Perl,,
,,,,,,SQL,C#,C++,C,,,
,,,,,,SQL,C#,,,,,"Objective-C, GeneXus"
,,,,,,,,,C,,,Applescript
,,,,,,SQL,C#,,,,,vb.net
,,,,,,SQL,C#,,,,,
,JavaScript,CSS,,,,SQL,C#,,,,,
,JavaScript,CSS,PHP,,,SQL,,C++,C,,,
,JavaScript,CSS,PHP,,Ruby,SQL,,,,,,
Java,JavaScript,CSS,PHP,,,SQL,,,,,,
Java,JavaScript,CSS,,Python,,SQL,C#,C++,C,,,
Java,,CSS,,Python,,,,C++,,,,Haskell
,JavaScript,CSS,,,,SQL,C#,C++,C,,,
Java,,,,,,,,,,,,
,,,,,,,,,,,,
Java,,,,Python,,,,C++,,,,
Java,JavaScript,CSS,,,,SQL,,C++,C,Perl,,
,JavaScript,CSS,PHP,,,SQL,,,,Perl,,
,,,,,,,C#,,,,,
,,,,Python,,SQL,,,C,Perl,,
Java,JavaScript,CSS,PHP,Python,Ruby,SQL,C#,,,,,
Java,,,,,,SQL,,,C,Perl,,
,JavaScript,CSS,PHP,Python,,SQL,,,,,,
,JavaScript,CSS,,,,SQL,C#,C++,C,,,"html, xml"
Java,,,,,,SQL,C#,,,,,
,JavaScript,CSS,,,,SQL,C#,,,,,
,JavaScript,CSS,,,,,C#,,,,,
Java,JavaScript,,,,,SQL,C#,,,,,
,,,,,,,C#,,,,,
Java,,,,,,,,C++,C,,,
,JavaScript,CSS,PHP,,,SQL,,,,Perl,,
Java,,,,,Ruby,,,,,,,objective c
Java,JavaScript,CSS,PHP,Python,Ruby,SQL,C#,,C,,,bash
,JavaScript,CSS,,,,SQL,C#,,,,,
Java,,,PHP,Python,,,,,,,,
Java,JavaScript,CSS,PHP,,,SQL,C#,C++,C,Perl,,
,,,,,,,C#,,,,,
,JavaScript,CSS,PHP,Python,Ruby,SQL,,,,,,
,JavaScript,CSS,,,,,C#,,,,,
,JavaScript,CSS,PHP,,,SQL,,,C,Perl,,
Java,JavaScript,CSS,,,,SQL,C#,,,,,
Java,,,,,,,C#,C++,C,,,
,,,,Python,,SQL,C#,C++,C,,,Lua
,,,,,,,,,,,,
,JavaScript,CSS,,,,SQL,C#,C++,C,,,
Java,JavaScript,CSS,,Python,,,,C++,C,,,
Java,JavaScript,CSS,PHP,Python,,SQL,,,C,,,
,,,PHP,,,,,,,,,
,,,,,,,C#,C++,,,,
Java,JavaScript,CSS,PHP,,Ruby,SQL,,C++,C,,,
Java,,,,,,SQL,,,,,,
Java,JavaScript,CSS,,,,,,C++,C,,,"Lisp, Clojure"
,JavaScript,CSS,PHP,,Ruby,SQL,,,,,,
Java,JavaScript,,PHP,Python,,SQL,C#,,C,Perl,,Erlang
Java,,,,Python,,,,C++,C,,,
,,,,,,,,,,,,
,JavaScript,CSS,PHP,,,SQL,C#,,C,,,Objective-C
,,,,,,,,,,,,
Java,JavaScript,CSS,,,,SQL,,C++,C,,,RPG
,,,,,,,C#,,,,,foxpro
Java,,,,,,,,C++,C,Perl,,Objective-C
,,,PHP,,Ruby,SQL,C#,C++,,,,Delphi
,,,,Python,,,C#,,C,,,ActionScript
,JavaScript,CSS,,,,SQL,C#,,,,,
Java,JavaScript,CSS,PHP,Python,,,,,,,,
,JavaScript,CSS,PHP,,,SQL,C#,,,,,"vb.net, bash scripting"
Java,,,,,,,,,,Perl,,
,JavaScript,CSS,PHP,,,SQL,,C++,C,,,Lua
,JavaScript,CSS,,,,SQL,C#,,,,,
,,,,,,SQL,C#,C++,C,,,
Java,,,,,,,,,,,,Objective-C
,,,,,,,C#,,,,,
Java,JavaScript,CSS,PHP,,,SQL,C#,,,Perl,,
,JavaScript,CSS,PHP,,,,,C++,C,Perl,,
Java,,CSS,,,,SQL,,,,,,
,JavaScript,CSS,,,,SQL,C#,,,,,VB.NET
,,,,,,SQL,C#,,,,,Delphi
,JavaScript,,,,,SQL,,C++,,,,
Java,JavaScript,CSS,PHP,,,SQL,,,C,,,
,,,,,,SQL,C#,,,,,
,JavaScript,CSS,PHP,,,SQL,C#,,,Perl,,
,JavaScript,CSS,PHP,,,,,,,,,Lua
Java,JavaScript,CSS,,Python,,SQL,,,C,Perl,,
Java,,,,,,,C#,,,,,
,,,,Python,,,C#,C++,,,,
,,CSS,,,Ruby,,,,,,,"VB, Objective C"
Java,JavaScript,CSS,PHP,Python,,SQL,C#,C++,,Perl,,sh
Java,JavaScript,CSS,,,,SQL,,,,,,
Java,JavaScript,CSS,PHP,Python,,SQL,C#,C++,C,Perl,,
Java,,,,,,,,,,,,
,JavaScript,CSS,PHP,,,,,,,,,
,JavaScript,CSS,PHP,,,,,,,,,
,,,,,,SQL,C#,,,,,
Java,JavaScript,CSS,PHP,Python,Ruby,SQL,C#,C++,,,,
Java,JavaScript,,,,,,,C++,C,Perl,,
Java,,,,,,,C#,,,Perl,,progress abl
,JavaScript,CSS,,,,,C#,,,,,
,,,,,,SQL,C#,C++,,,,
Java,JavaScript,,,,Ruby,SQL,,,,,,
,,,,,,,,,,Perl,,
,JavaScript,CSS,,,,SQL,C#,,,,,
,JavaScript,CSS,PHP,,,SQL,C#,,,,,
Java,JavaScript,CSS,,Python,,SQL,,,,,,Objective-C
Java,JavaScript,CSS,PHP,,,SQL,,,C,,,
Java,,,,,,SQL,,,,Perl,,
,,CSS,,,,SQL,C#,,,,,Objective c
,JavaScript,CSS,,,Ruby,SQL,C#,,,,,
,,,PHP,,,,,,,,,
,JavaScript,CSS,PHP,,,,,,,Perl,,
Java,JavaScript,CSS,PHP,,Ruby,SQL,C#,C++,,,,ColdFusion
Java,JavaScript,CSS,,Python,,,,C++,C,,,matlab
Java,JavaScript,,,,Ruby,SQL,C#,C++,C,,,
Java,,CSS,,,,SQL,,,,,,
,JavaScript,CSS,PHP,,Ruby,SQL,,,,,,
,,,,,,,,,,,,
Java,,,,,,,,,,,,
,,,,,,,C#,,,,,
,,CSS,,,,SQL,C#,,,,,
,,CSS,PHP,,Ruby,,,,,,,Objective-C
,JavaScript,CSS,PHP,,,SQL,C#,,,Perl,,
,JavaScript,CSS,,,,SQL,C#,,,,,
,JavaScript,CSS,,,,,C#,,,,,HTML
Java,,,,,,,,C++,C,,,
,JavaScript,,PHP,,,SQL,C#,,,,,
,JavaScript,CSS,PHP,,Ruby,SQL,,,,,,
Java,,CSS,PHP,,,SQL,,,,,,Scala
Java,,,,,,SQL,C#,C++,C,,,
,,CSS,,,,SQL,C#,,,,,
,,,,,,,,,,,,
Java,JavaScript,,PHP,,Ruby,SQL,C#,C++,C,,,
Java,,,PHP,Python,Ruby,,,,C,,,
,,CSS,,,,SQL,C#,,,,,
,JavaScript,CSS,PHP,,,SQL,,,,,,Objective-C
,,,,,,,C#,,,Perl,,
,,,,,,,C#,,,,,
,JavaScript,CSS,,Python,,SQL,,C++,C,,,
,JavaScript,CSS,,,,SQL,C#,,,,,asp.net
,,,,,,,,,,,,
,,,,,,,,,,,,WebFOCUS
,,,,,,SQL,,C++,,,,"COBOL, shell, awk"
,JavaScript,CSS,,,,SQL,C#,,,,,
,JavaScript,CSS,,Python,,SQL,C#,,,,,
Java,JavaScript,CSS,PHP,,,,,C++,C,,,
,,,,Python,,SQL,C#,,C,,,Delphi
,,CSS,PHP,,,SQL,C#,,,,,
Java,JavaScript,CSS,PHP,Python,,SQL,C#,C++,C,,,
Java,JavaScript,CSS,,,,SQL,C#,C++,C,,,
Java,JavaScript,CSS,PHP,Python,Ruby,SQL,,,,Perl,,
Java,,CSS,,,Ruby,,C#,C++,,,,
Java,JavaScript,CSS,,,,SQL,C#,,,Perl,,
,JavaScript,CSS,,,,SQL,C#,,,,,
Java,JavaScript,,,,,,C#,C++,C,,,
,,,,,,SQL,C#,,,Perl,,
Java,,CSS,PHP,,,,C#,,,,,
Java,,,,,,,C#,C++,C,,,Haskell
Java,,CSS,,,,SQL,,C++,C,Perl,,
,JavaScript,CSS,,,,SQL,C#,,,,,
,,,,,,,C#,C++,C,,,
Java,JavaScript,CSS,PHP,,,SQL,,,,,,
,,,,Python,,SQL,C#,,,,,
Java,,,,,Ruby,,,C++,C,,,
,,,,,,,,,,,None,
Java,,CSS,PHP,Python,,SQL,,,,,,
,,,,Python,,,C#,,,,,
,JavaScript,CSS,,,,,,,,,,ActionScript
Java,JavaScript,CSS,PHP,,Ruby,SQL,C#,,,Perl,,
,,,,,,,,,,,,
,JavaScript,CSS,PHP,,Ruby,,,,,,,Objective-C (OSX)
Java,JavaScript,CSS,PHP,Python,Ruby,SQL,C#,,C,,,
Java,JavaScript,CSS,,,,,C#,,,,,
Java,JavaScript,CSS,,Python,Ruby,,,,,,,"Scala, Haskell, more"
,,,,,,,,,,,,objective-c
Java,JavaScript,CSS,,,,,,,,,,
,JavaScript,,PHP,,,SQL,C#,,,,,
,JavaScript,,PHP,,,SQL,,,C,,,
Java,JavaScript,,PHP,,,SQL,,,,,,coldfusion
,JavaScript,CSS,,,,SQL,C#,,,,,
,,,,Python,,,,,,Perl,,
,JavaScript,,,,,,C#,,,,,
,JavaScript,CSS,PHP,Python,,SQL,,,,Perl,,
,JavaScript,CSS,PHP,,Ruby,SQL,,C++,,,,
Java,,,,,,,,C++,,,,
Java,,,,,,SQL,C#,C++,C,,,"F#, VB, Delphi"
,,,,,,SQL,C#,,,,,
,,,,,,,,,,Perl,,shell
Java,JavaScript,CSS,,,,,C#,C++,C,,,
,JavaScript,CSS,,,Ruby,,,,C,,,
Java,JavaScript,CSS,,,,,C#,,,,,
Java,JavaScript,CSS,,,,SQL,C#,,,,,"ActionScript3, VB.Net"
,JavaScript,,,,Ruby,SQL,C#,,,,,
,JavaScript,CSS,,,,SQL,C#,,,,,VB
,JavaScript,CSS,,,Ruby,SQL,C#,C++,,Perl,,
Java,JavaScript,CSS,,,,,,,,,,
Java,JavaScript,CSS,,,Ruby,SQL,,,,,,
,,,,,,,,,,,,Objective-C
Java,JavaScript,CSS,PHP,Python,,SQL,,,,,,
,,,,,,,C#,,,,,delphi
Java,JavaScript,CSS,PHP,,,SQL,C#,,,,,
Java,JavaScript,CSS,PHP,Python,,SQL,,,,,,
Java,,,,,,,C#,,,,,
,,,,,,,,,,,None,
,JavaScript,CSS,PHP,,,,,,,,,
,JavaScript,CSS,PHP,,,SQL,,,C,Perl,,
,,,,,,,,,,,,
,JavaScript,CSS,PHP,,Ruby,SQL,,,,,,
Java,JavaScript,CSS,,,,SQL,C#,,,,,
,JavaScript,CSS,,,,SQL,,,,,,VB.net
Java,,,,Python,,,,C++,C,,,
,,,,,,SQL,C#,,,,,VB.Net
,JavaScript,CSS,,,,SQL,C#,,,,,
,,,,,,,C#,C++,C,,,vb6 vb.net
,JavaScript,CSS,PHP,,Ruby,SQL,,,C,,,
Java,JavaScript,CSS,,,,SQL,,,,,,Scala
,JavaScript,CSS,PHP,,,SQL,C#,,,,,
,,,,,,SQL,C#,,,Perl,,"""Proficient"" seems too rosey a word for it."
Java,,CSS,PHP,,Ruby,SQL,,,,,,
,JavaScript,CSS,,,,SQL,C#,,,,,
,JavaScript,CSS,PHP,Python,,SQL,C#,C++,,,,
,,,,,,,C#,,,,,
Java,JavaScript,CSS,PHP,Python,,,,,,,,
Java,JavaScript,,,,,SQL,C#,C++,C,,,VB
,JavaScript,CSS,PHP,,,SQL,C#,,,,,
,JavaScript,,PHP,,,SQL,C#,,,,,
,,,PHP,Python,Ruby,SQL,,,,,,
Java,JavaScript,CSS,,,,,,,,,,
,JavaScript,CSS,,,,SQL,C#,,,,,
Java,JavaScript,CSS,,Python,,SQL,,,,,,
,,,,,,,,,,,,
,,,,,,,,C++,C,,,
Java,JavaScript,CSS,,,,,,C++,C,Perl,,
Java,JavaScript,CSS,,Python,Ruby,SQL,,,,,,Ruby
,JavaScript,CSS,PHP,,,SQL,C#,,,Perl,,
,,,,,,,,,,,,
,JavaScript,CSS,PHP,,,SQL,C#,,,,,
Java,,,,,,,,,,,,Objective C
,JavaScript,CSS,PHP,,,SQL,C#,,,,,
,JavaScript,CSS,,,,,C#,,,,,
,,CSS,PHP,Python,,SQL,,,,,,
,JavaScript,CSS,PHP,Python,,SQL,,,,,,
,JavaScript,,,,,SQL,C#,,,,,
,JavaScript,CSS,,,,SQL,C#,C++,C,,,
,JavaScript,CSS,,,,SQL,C#,,,,,
Java,,,,Python,,,,C++,,,,
,,,,,,,C#,C++,,,,VB
Java,JavaScript,,,,,SQL,,,,,,
,,,,,,,,C++,C,,,Lisp
,JavaScript,,PHP,Python,,,,,,,,
Java,JavaScript,CSS,,Python,,SQL,C#,,,,,
,,,,,,,C#,,,,,
Java,JavaScript,CSS,PHP,Python,,SQL,,C++,C,Perl,,
Java,,,,,,SQL,C#,C++,C,Perl,,
Java,JavaScript,CSS,PHP,Python,,,,,,,,
,JavaScript,CSS,PHP,,,SQL,C#,,,,,
Java,,CSS,,,,SQL,,,,,,Objectve C
,JavaScript,CSS,PHP,,,,C#,,,,,
Java,JavaScript,CSS,PHP,,,SQL,C#,,,Perl,,
,JavaScript,CSS,,,,SQL,C#,,,,,
Java,JavaScript,CSS,PHP,Python,Ruby,SQL,C#,,,Perl,,
,,CSS,,Python,,,,C++,C,,,
,JavaScript,CSS,,Python,,SQL,C#,C++,C,,,
,JavaScript,,,,,SQL,C#,,,,,
Java,JavaScript,CSS,,,,SQL,C#,,,,,Objective C
Java,,,,,,,C#,,,,,
,,,,Python,,,,,,,,Delphi
,JavaScript,CSS,,,,SQL,C#,,,,,
Java,JavaScript,CSS,PHP,Python,,SQL,,,,,,
Java,JavaScript,CSS,PHP,Python,,SQL,C#,,,,,
Java,,,,,,,C#,C++,C,Perl,,
,,,,,,,,,,,,
,JavaScript,CSS,PHP,Python,,,,,,,,
Java,,,,,,,C#,,,,,
,JavaScript,CSS,,,,SQL,C#,,,,,
,,CSS,PHP,,Ruby,SQL,,,,,,
,JavaScript,CSS,,,,SQL,C#,,,,,
Java,JavaScript,CSS,,Python,,SQL,,,,Perl,,
Java,,,,,,,,C++,,,,
,,CSS,,Python,,SQL,,,,,,
,JavaScript,CSS,,,,,,,,,,HTML
Java,,,,,,,,,,,,
,JavaScript,CSS,PHP,,,SQL,,,,,,Symfony
Java,,,,,,,,,C,Perl,,
,JavaScript,CSS,,,,SQL,C#,,,,,
,JavaScript,,,,,SQL,C#,,,,,
,,,,,,,C#,,,,,
Java,JavaScript,CSS,PHP,,Ruby,SQL,C#,,,Perl,,
,,,,Python,,,,C++,C,,,Objective C
,,,,,,,,,,,,
Java,,,,,,,,,,,,
Java,,CSS,PHP,Python,,SQL,,C++,,,,
,,,,,,,C#,C++,,,,
,JavaScript,CSS,PHP,,,,C#,,,,,
Java,,CSS,,,,,C#,C++,C,,,
,,,PHP,,,,,,C,Perl,,"Lua, SQL"
,JavaScript,CSS,,,,SQL,C#,,,,,
,JavaScript,CSS,,Python,Ruby,,,,,,,
,,CSS,,Python,Ruby,,,C++,C,Perl,,Haskell
,,,,,,SQL,C#,,,,,
,,,,,,SQL,C#,C++,,,,
Java,JavaScript,,,Python,,SQL,C#,C++,C,,,
,,CSS,,,Ruby,SQL,C#,,,,,"Delphi, Objective-C"
,,,,,,SQL,C#,C++,,,,
Java,,,,Python,,SQL,C#,,,Perl,,
Java,JavaScript,CSS,PHP,,,SQL,,,,,,"Actionscript 3, Objective-C"
,,,,Python,,,,,,,,R
,JavaScript,CSS,,,,SQL,C#,,,,,
,JavaScript,,PHP,,,SQL,,,,,,Delphi
,JavaScript,,,,Ruby,,C#,,,,,
,JavaScript,CSS,PHP,,Ruby,SQL,,C++,C,,,
,,,,,,,,,,Perl,,excel
,JavaScript,CSS,PHP,,,SQL,,,,,,
Java,JavaScript,CSS,PHP,,Ruby,SQL,C#,,C,,,
,,,,,,,,,,,,
,JavaScript,CSS,,,,SQL,C#,,,,,
Java,JavaScript,CSS,,,,SQL,C#,,,,,
,,,,,,,,,,,None,
,,,,,,,C#,,,,,
,,,,,,,,,,,,
,,,,,,SQL,,,,,,
,JavaScript,CSS,PHP,,,SQL,,,,Perl,,
,JavaScript,,,,Ruby,,,C++,C,,,
Java,,,PHP,,,SQL,,,,,,
,,,,,,,,,,,,
Java,JavaScript,CSS,,,Ruby,SQL,,,,,,
Java,,,,,,SQL,,,,,,
Java,JavaScript,CSS,PHP,,,SQL,C#,,,,,
,JavaScript,CSS,,,,,C#,,,,,
,JavaScript,CSS,PHP,Python,,SQL,C#,,,,,
,JavaScript,CSS,,,,SQL,C#,,,Perl,,
,,CSS,PHP,,,SQL,,,,,,
,,,,,,,,,,,,
Java,JavaScript,CSS,PHP,,,SQL,C#,,,,,
,JavaScript,CSS,,,,SQL,C#,,,,,vb.net
Java,JavaScript,CSS,,,Ruby,SQL,,C++,C,,,"Adobe Flex, Delphi"
Java,JavaScript,,PHP,,,SQL,C#,C++,C,,,
Java,JavaScript,CSS,,,,SQL,C#,C++,C,,,
,,,,,,SQL,C#,C++,C,,,Objective-C
,,,,Python,,SQL,C#,,,,,
Java,JavaScript,CSS,PHP,Python,Ruby,SQL,,,,,,
Java,,,,,,SQL,C#,C++,C,Perl,,
Java,JavaScript,CSS,PHP,,,SQL,C#,,,,,
Java,JavaScript,CSS,PHP,Python,Ruby,SQL,C#,C++,C,Perl,None,
Java,JavaScript,CSS,,,,SQL,C#,,,,,Objective-C
Java,JavaScript,CSS,,,,SQL,,,,,,
Java,JavaScript,CSS,PHP,,,SQL,C#,C++,C,,,
,JavaScript,,,,,SQL,C#,,,,,
,,,PHP,,,SQL,C#,C++,,,,
,,,,,,,C#,,,,,
Java,,,PHP,Python,,,,C++,C,,,
,,,,,,,,,,,None,
Java,,,,Python,,,,,C,,,
,JavaScript,CSS,PHP,Python,Ruby,,,,,,,
,JavaScript,CSS,,Python,Ruby,,,C++,C,Perl,,Clojure
Java,,CSS,,,,,C#,C++,C,,,
Java,JavaScript,CSS,,,Ruby,SQL,C#,C++,,,,Objective-C
,,CSS,,,Ruby,SQL,,,C,,,Objective-C
,,,,,,,,,,,,
,,CSS,,,,SQL,C#,,,,,
,,,,,,,C#,C++,C,Perl,,
Java,,,PHP,,,,,C++,C,,,
Java,,,PHP,,,,,,,,,
Java,,CSS,,,,,C#,C++,C,,,
Java,JavaScript,,,,Ruby,SQL,C#,,,,,"Groovy, Erlang"
,JavaScript,CSS,,,,SQL,C#,,,,,
Java,,,,Python,,,C#,C++,C,,,
Java,JavaScript,CSS,,Python,Ruby,SQL,C#,,C,,,
,,CSS,PHP,,Ruby,SQL,C#,C++,,,,
,,,,Python,,,,C++,,,,
,JavaScript,,,,,,C#,,C,,,FORTRAN
Java,JavaScript,,PHP,Python,,SQL,,,C,,,
,JavaScript,,PHP,Python,,,,,,,,
Java,JavaScript,,,,,SQL,,,,,,
,,,,,,,,,,,,
Java,JavaScript,CSS,,,,,C#,,,,,
,,,,,,,,,,,,Vb
,JavaScript,CSS,PHP,,,,,,,,,
Java,JavaScript,CSS,,,,SQL,C#,,,,,
Java,,,,,,SQL,C#,C++,C,,,Objective-C
Java,JavaScript,,PHP,Python,,SQL,,,C,,,
Java,JavaScript,,,Python,,,,,,,,
Java,,,,,,SQL,C#,,,,,
,,,,,,,C#,,,,,LISP
,,,,,,,,,,,,
Java,JavaScript,CSS,PHP,,,,,,,Perl,,
,JavaScript,CSS,PHP,,,SQL,C#,,,,,ActionScript 3.0
,,,,,,SQL,C#,C++,,,,
Java,JavaScript,,PHP,,,,,,,,,
,JavaScript,CSS,PHP,,,SQL,C#,C++,C,,,
,JavaScript,,PHP,,,SQL,,C++,,,,
Java,JavaScript,CSS,PHP,,,SQL,C#,,,,,
,JavaScript,,PHP,,,SQL,,,,,,
,JavaScript,CSS,,,,SQL,C#,,,,,
Java,JavaScript,,,Python,,,,C++,,,,"prolog, lua"
Java,,,,,,SQL,,,,,,
,JavaScript,CSS,PHP,,,,C#,C++,C,Perl,,
,JavaScript,CSS,,,,,,,,,,html
Java,JavaScript,CSS,,,Ruby,SQL,C#,,,,,
,,,,,,,C#,C++,,,,
,JavaScript,CSS,,,,,,,,,,ColdFusion
,,,,,,SQL,C#,C++,,,,
Java,JavaScript,,,,Ruby,,,,,,,
,,,PHP,,,,,,,,,
,,,,,,,,,,,,
Java,JavaScript,,PHP,,Ruby,,C#,,,,,
Java,,,,,,,,,,,,assembler
Java,JavaScript,CSS,PHP,Python,Ruby,SQL,,,,,,Scala
,JavaScript,,,Python,,,,C++,,,,
,JavaScript,CSS,,,,SQL,C#,,,,,
,JavaScript,CSS,,,,SQL,C#,,,,,
Java,JavaScript,CSS,,,,SQL,,,,,,RPG
,JavaScript,CSS,PHP,,,SQL,,,,,,VBscript
Java,JavaScript,,,Python,,SQL,C#,C++,C,,,Objective-C
,,,,Python,,,C#,C++,C,,,
,JavaScript,CSS,,,Ruby,SQL,C#,,,,,
,,,,,,,C#,,,,,
,JavaScript,CSS,PHP,Python,,SQL,,,,,,
,JavaScript,CSS,,,,SQL,C#,,,,,
,,,,,,,,,,,,
,JavaScript,CSS,,,,,C#,,,,,F#
,JavaScript,CSS,PHP,Python,,SQL,,C++,,,,
Java,JavaScript,CSS,,,,,,,,,,
Java,,,,Python,,,,C++,C,,,
Java,,,PHP,,Ruby,SQL,,,,,,
Java,JavaScript,CSS,PHP,Python,,SQL,,,,,,
Java,JavaScript,CSS,,,,,,,,,,
,,,PHP,,Ruby,SQL,,,,,,
,,,,,,,,,,,,
Java,JavaScript,CSS,PHP,,,SQL,,,,,,
,JavaScript,CSS,PHP,Python,Ruby,SQL,,,,,,
,,,,,,,,,,,,VB.NET
Java,JavaScript,CSS,PHP,,Ruby,SQL,,C++,C,,,Objective-C
,,,,,,,C#,,,,,
Java,JavaScript,CSS,PHP,Python,Ruby,SQL,,,C,,,Objective-C
,,CSS,,Python,,SQL,,,,,,
,,,,,,,,,C,Perl,,
,JavaScript,CSS,PHP,,,SQL,,,,,,
Java,JavaScript,CSS,PHP,Python,,SQL,,C++,C,Perl,,Objective-C
Java,,CSS,,,,SQL,,,,,,
,,,,,,,,,,,,
Java,,,,,Ruby,SQL,,,C,,,scala
Java,JavaScript,CSS,,,,,,,,,,
,JavaScript,,,,Ruby,SQL,C#,,,,,
,,,,,,SQL,C#,,,,,
Java,,,PHP,Python,,SQL,,C++,C,,,
,JavaScript,CSS,,Python,Ruby,,,C++,C,,,Objective-C
,,CSS,,,,SQL,C#,,,,,
Java,JavaScript,CSS,PHP,,Ruby,SQL,C#,,,,,
Java,,,,Python,,,,,C,Perl,,
,,,,,,SQL,,,C,Perl,,
Java,,,,Python,,SQL,C#,C++,C,,,
Java,JavaScript,,,Python,,,C#,C++,,,,
,,,PHP,,,,C#,,,,,
,,CSS,PHP,,,,,,,,,
Java,JavaScript,,,,,SQL,C#,,,,,
Java,JavaScript,CSS,,Python,Ruby,,,C++,C,Perl,,
,JavaScript,,,,,SQL,C#,,,,,
,JavaScript,CSS,PHP,,,SQL,C#,,,,,
Java,JavaScript,CSS,PHP,,,SQL,C#,C++,C,,,
Java,,CSS,,,,SQL,C#,C++,C,,,
Java,JavaScript,CSS,,,,SQL,,,,,,
,JavaScript,CSS,PHP,Python,,SQL,,,,,,
,,,,,,,C#,,,,,
,JavaScript,CSS,,,,SQL,C#,,,,,Visual Basic .NET
,JavaScript,CSS,,Python,,SQL,,,C,,,Common Lisp
,JavaScript,,,,,SQL,C#,,,,,
,JavaScript,CSS,PHP,Python,,SQL,C#,,C,,,
,JavaScript,CSS,PHP,Python,,,,,,,,
,,,,,,SQL,,,,,,vb
Java,,,,,,,,C++,,,,R
Java,JavaScript,CSS,,,Ruby,,,,,,,
Java,,CSS,,Python,,SQL,,,,,,
,JavaScript,CSS,PHP,,,SQL,,,C,,,"Objective-C, Cocoa"
,JavaScript,CSS,,,,,,,,,,
,,,,,,,,,,,,
,JavaScript,CSS,,,,SQL,C#,,,,,
Java,,,PHP,Python,Ruby,SQL,C#,C++,C,,,
,,,,,,,,,,,None,
,JavaScript,CSS,PHP,,,SQL,C#,,,,,
,JavaScript,CSS,,,,SQL,C#,,,,,
,JavaScript,CSS,,,,SQL,C#,,,,,
,JavaScript,CSS,PHP,,,SQL,C#,,,,,
Java,JavaScript,,,,,SQL,,,,,,
,JavaScript,CSS,,,,SQL,,,,,,VB.Net
,JavaScript,CSS,,,,SQL,C#,,,,,vb.net
,,,,Python,,,,C++,C,Perl,,Tcl
,,,,,,,,,,,,
,,,,Python,,,,,,,,lotusscript
,JavaScript,,,,,SQL,C#,,,,,
,,,,,,,C#,,,,,
Java,JavaScript,CSS,,,,,C#,C++,C,,,
Java,,,,,Ruby,SQL,C#,C++,C,,,
Java,,,,,,SQL,,,,,,
,,,,,,,,,,,,
,JavaScript,CSS,PHP,,,,C#,C++,C,Perl,,"bash, tcl"
Java,JavaScript,,,,,SQL,C#,,,,,
Java,JavaScript,CSS,,,,SQL,C#,C++,C,,,"Assembler, BASIC"
Java,JavaScript,CSS,PHP,,,SQL,C#,,,,,
,,,,,,SQL,C#,,,,,
,,CSS,,,,SQL,C#,,,,,
Java,JavaScript,CSS,PHP,,,,,,,,,
,,,,,,SQL,C#,,,,,
Java,,CSS,PHP,,,SQL,,,,,,
,JavaScript,CSS,PHP,,,SQL,,,,,,
Java,JavaScript,CSS,PHP,Python,,SQL,C#,C++,C,Perl,,
,,CSS,,Python,,,,,C,,,
Java,JavaScript,CSS,PHP,Python,Ruby,SQL,,,,Perl,,
,,CSS,,,,SQL,C#,,,,,
,JavaScript,CSS,PHP,,,SQL,C#,,,,,
Java,JavaScript,,,,,,C#,,,,,Objective-C
,,,,,,,,,,Perl,,
,,,,Python,,SQL,,,C,,,
,JavaScript,CSS,,,,SQL,C#,,,,,
,JavaScript,,,,,,,,,Perl,,
,JavaScript,CSS,,,,SQL,C#,,,,,
Java,JavaScript,CSS,PHP,,Ruby,SQL,,,,,,
Java,JavaScript,CSS,PHP,Python,Ruby,SQL,,,,Perl,,
,,,,,,SQL,C#,,,,,
Java,JavaScript,CSS,,,,SQL,C#,,,,,
,,,,,,SQL,C#,,,,,
,,,,,,,,,,,,
Java,,,,Python,,SQL,,,,,,
,,,,,,,C#,C++,,,,
Java,JavaScript,CSS,PHP,Python,Ruby,SQL,C#,C++,,,,"lisp,scheme,clojure,bash"
,,,,,,,C#,,,,,
Java,,,,Python,,,,,,,,AS3
Java,JavaScript,,,Python,,,,C++,C,,,
,,,,Python,,,,,,,,"bash, BASIC"
,JavaScript,CSS,PHP,Python,Ruby,SQL,,,,,,Haskell
,,,,,,,C#,,,,,
,JavaScript,,,,,SQL,,,,,,ActionScript
,JavaScript,,,,,,C#,,,,,"F#, Haskell"
,,CSS,,Python,,,C#,C++,C,,,
Java,JavaScript,,PHP,,,SQL,,C++,C,,,
Java,,,,,,SQL,C#,C++,C,,,
,JavaScript,CSS,,,,SQL,C#,,,,,HTML
Java,,,,,,,,,,,,"Objective-C, Smalltalk"
Java,JavaScript,,,Python,Ruby,,C#,C++,C,,,"Haskell,Scheme"
,,,,,,,,,,,,
Java,JavaScript,CSS,PHP,,Ruby,SQL,,,,,,
Java,,,,Python,,SQL,,,,,,Haskell
Java,,,PHP,,,SQL,C#,,,,,
Java,JavaScript,CSS,,,,,,,,,,
,,,,Python,,,,C++,C,,,Fortran
,,,,,,,,,,,,
Java,,,,,,,,,C,,,Ada
Java,,,,,,SQL,,,,,,Android
Java,JavaScript,CSS,,Python,,SQL,,,,,,
,,,,,,,,,,,,objective -c
,,,,,,,,,,,,
Java,JavaScript,,PHP,,,,,C++,C,,,
Java,,,,,,,C#,C++,,,,
Java,,,,Python,,SQL,C#,C++,C,Perl,,
,,CSS,,Python,,SQL,C#,,,,,
,,,PHP,,,SQL,,,,,None,
,,,,,,,,,,,,
,JavaScript,CSS,,,,SQL,C#,C++,C,,,
Java,,,,Python,Ruby,,,,C,Perl,,
,,,,,,,C#,C++,,,,
,,,,,,SQL,C#,C++,,,,PowerBuilder
Java,,,PHP,Python,,SQL,C#,C++,C,,,
,,,,,,,,,,,,
,JavaScript,,,,,SQL,C#,,,,,
,JavaScript,CSS,,Python,Ruby,SQL,C#,,,,,
,,CSS,,,,SQL,,,C,,,Lua
Java,,,,,,,C#,C++,C,,,
,JavaScript,CSS,PHP,,,SQL,,,C,,,Objective-c
Java,,,,,,,C#,,,,,Delphi
,JavaScript,CSS,PHP,Python,,SQL,C#,C++,,,,
,JavaScript,CSS,PHP,,,SQL,,C++,,,,
,,,,,,SQL,,,C,Perl,,"bash, ksh"
,JavaScript,CSS,PHP,,,,,,,,,"Objective-C, VB.NET"
Java,JavaScript,CSS,PHP,,,SQL,C#,C++,,,,
Java,,,,,,SQL,C#,,C,Perl,,
Java,JavaScript,,PHP,Python,,SQL,,C++,C,,,
Java,,,,,,SQL,C#,C++,,,,
,,CSS,,,Ruby,,,,,,,
,JavaScript,,,,,SQL,,C++,C,,,Delphi
,JavaScript,,PHP,,,SQL,C#,,,,,
,JavaScript,,PHP,Python,,,,C++,C,,,
Java,JavaScript,CSS,,,Ruby,SQL,,,,Perl,,
Java,,,,Python,,,,,C,,,
Java,JavaScript,CSS,,,,SQL,C#,,,,,
,,,,,,,,,,,,objective-c
Java,JavaScript,CSS,PHP,,,,,,C,,,
,JavaScript,CSS,,Python,Ruby,SQL,C#,C++,,Perl,,
,,,,,,,,C++,C,,,fortran
,,,,,,,,,,,,
Java,JavaScript,CSS,PHP,,,SQL,,,,,,
Java,,CSS,,,,,,,,,,"Clojure, ActionScript"
,JavaScript,,,Python,,,,C++,,,,
,JavaScript,CSS,PHP,,,,C#,C++,,,,
,JavaScript,CSS,,,,SQL,C#,,,,,
Java,,,,,,,,,,,,scala
Java,JavaScript,CSS,PHP,,,,,,,,,
,,,,,,,,C++,,,,LSL
,,,,,,,C#,,,,,
,JavaScript,CSS,PHP,,,SQL,,,,,,
,,,,,,,,,,,,
,,,,,,,,,,,,
,,,,,,,,,C,,,
,,,,,,,,,,,,
Java,,,,Python,,SQL,,,,,,
,,,,,,,,,,,,Objective-C (how is this not a choice)
,JavaScript,CSS,,Python,Ruby,SQL,C#,,,,,"F#,VB6"
Java,JavaScript,CSS,PHP,,,SQL,C#,C++,,,,
,,,,,,,C#,,,,,
Java,JavaScript,CSS,PHP,,Ruby,,,,,,,
Java,JavaScript,CSS,PHP,Python,Ruby,SQL,C#,C++,C,,,
,JavaScript,,PHP,,,,,,,,,
,JavaScript,CSS,,,,SQL,C#,,,,,asp.net-mvc
Java,,,,,Ruby,SQL,,C++,C,,,
,JavaScript,CSS,,,,SQL,,,,,,VBScript
,JavaScript,CSS,PHP,Python,,SQL,,,,Perl,,
Java,JavaScript,,,Python,,SQL,,C++,,,,
,JavaScript,,,,,SQL,C#,,,,,
,,CSS,,,,,,C++,,,,
Java,,CSS,,,Ruby,,,C++,C,,,
,,,,,,,,,,,,
,,,,,,,C#,,,,,
,,,,,,,,,,,,
Java,JavaScript,CSS,PHP,Python,,,,,C,,,
,,,,Python,,,,C++,,,,
Java,JavaScript,CSS,,,Ruby,SQL,,C++,C,,,
,,,,,,,C#,,,,,powershell
Java,,,,,,,,C++,C,,,ActionScript
,,CSS,PHP,,,,C#,C++,C,,,AS3
Java,,CSS,PHP,,,SQL,,C++,,,,
,JavaScript,CSS,PHP,,,SQL,,,,,,tcl
Java,,,,,,,C#,,,,,
,,,,Python,,,,,,,,R
,,,,,,,,,,,,
,JavaScript,CSS,PHP,,,SQL,,,,,,
,JavaScript,CSS,PHP,,,,,C++,C,,,
,,,PHP,Python,,,,C++,C,,,
Java,,CSS,,,,SQL,C#,,,,,
,,,,,,,,,,,,
,,CSS,PHP,,,SQL,C#,C++,,Perl,,
Java,,,,,,,,,,,,
Java,,CSS,,,Ruby,,,C++,C,,,objective c
Java,JavaScript,CSS,PHP,Python,Ruby,,,,,Perl,,
,,,,,,,,,,Perl,,
,,,,,,,C#,,,,,Objective-C
Java,JavaScript,CSS,PHP,,,,,,,,,
Java,JavaScript,CSS,PHP,,,,,,,,,
Java,JavaScript,,,,,,,C++,,,,Scala
,JavaScript,CSS,PHP,,,SQL,,,,,,ASP 3.0
Java,,CSS,,,,,,,,,,Groovy
Java,,,,,,,,C++,C,,,ada
,JavaScript,CSS,,,,,,,,,,
,JavaScript,CSS,,,,SQL,C#,,,,,
Java,JavaScript,CSS,PHP,,,SQL,,C++,C,,,
Java,JavaScript,,PHP,,,,C#,C++,C,,,
Java,JavaScript,,,,,,,,C,,,
,JavaScript,CSS,PHP,,,SQL,,,,,,
Java,,,,,,,,C++,C,Perl,,
,,CSS,PHP,,,,,,,,,
Java,,CSS,PHP,,,SQL,C#,C++,,,,
,,,,Python,,,,C++,C,,,Objective C
,,,,,,,,,,,None,
Java,,CSS,,,,,C#,,,,,
,JavaScript,CSS,,,,SQL,C#,,,,,HTML
Java,,,,,Ruby,SQL,,C++,C,,,
,JavaScript,CSS,PHP,Python,,,,,,,,
Java,,,,,,,,,,,,
,,,,,,,C#,,,,,
Java,,CSS,PHP,Python,Ruby,,,C++,C,Perl,,name it.
,JavaScript,CSS,PHP,,Ruby,SQL,,C++,,Perl,,
Java,JavaScript,,PHP,,Ruby,SQL,,C++,C,,,Objective-C
,,CSS,,,,,,,,,,HTML
,,CSS,PHP,,,SQL,C#,,,,,ABAP
Java,,CSS,,,Ruby,,,,C,,,"Shell Scripting, Objective-C"
Java,JavaScript,CSS,,,Ruby,,,,,,,
,JavaScript,,,,,SQL,C#,,,,,VB
Java,,,PHP,,,SQL,C#,C++,C,,,
Java,,CSS,PHP,,,,,C++,C,,,x86 assembler OO-pascal
,,,,,,SQL,C#,,,,,
,JavaScript,CSS,PHP,,,SQL,,C++,C,,None,"Pascal, Assembler"
,JavaScript,CSS,PHP,Python,,SQL,,C++,C,,,Lua
,JavaScript,CSS,,,,SQL,C#,,,,,
,,,,,,SQL,C#,,,,,
,JavaScript,CSS,,,,SQL,C#,,,,,
Java,JavaScript,CSS,,,,SQL,C#,,,Perl,,
,,,PHP,,,SQL,C#,C++,C,,,
,JavaScript,CSS,PHP,,,,,C++,C,,,
Java,,,,,Ruby,,,,C,,,Objective C
,,CSS,PHP,,,SQL,C#,C++,C,,,Assembly
,JavaScript,CSS,,,,,,,,,,
,,,,,,,,,,,,
,,CSS,PHP,,,,,,,,,vb
Java,,,,,,,,,,,,
,,CSS,PHP,,Ruby,,,,,,,
,JavaScript,CSS,PHP,,Ruby,,,,C,,,
Java,,,,Python,,SQL,C#,,C,,,
Java,,,,,,SQL,,,,,,
,JavaScript,,,,,SQL,C#,C++,C,,,
Java,,CSS,PHP,,,SQL,,,,,,
,JavaScript,CSS,,Python,,SQL,,,,,,
Java,JavaScript,CSS,PHP,,,,C#,C++,C,,,
Java,JavaScript,,PHP,,,SQL,,C++,C,Perl,,ObjectiveC
,JavaScript,CSS,,,Ruby,,,,,,,
Java,,CSS,,,,,C#,,,,,Objective C
Java,,,,,,,,,,,,
Java,,,,Python,,,,C++,C,,,
Java,JavaScript,CSS,PHP,,,SQL,C#,C++,C,,,
Java,,,,,,,,,,Perl,,Prolog
,JavaScript,CSS,PHP,,,SQL,C#,,,,,
Java,JavaScript,CSS,,Python,Ruby,SQL,C#,C++,C,Perl,,R VB
Java,,,,,,,,,,,,
Java,,,,,,,,C++,C,,,
Java,JavaScript,CSS,PHP,,,SQL,,,,,,Coldfusion
,JavaScript,CSS,PHP,,,SQL,,,,,,
,,,,,,,,,,,,
Java,JavaScript,CSS,,Python,,SQL,,,,,,
,JavaScript,CSS,,,,,C#,,,,,
Java,,,,,,,,,,,,
Java,,,PHP,,,SQL,C#,C++,C,,,
,JavaScript,,,,,,C#,,,,,
Java,,,,,,SQL,,,C,Perl,,
,,,,,,SQL,C#,,C,,,"obj-c , vba"
,,,,,,,,,C,,,
,JavaScript,CSS,PHP,,,SQL,C#,,,,,
,,CSS,PHP,Python,Ruby,SQL,,,C,,,lisp
,JavaScript,CSS,PHP,Python,,SQL,,,C,Perl,,"Lisp, Haskell, Prolog"
Java,,,,,,,C#,,,,,
Java,JavaScript,CSS,,,,,,,,,,
,,CSS,,Python,,,,C++,C,,,
Java,,,,,,,,,,,,
,JavaScript,CSS,PHP,,,,,C++,C,,,R
,JavaScript,CSS,PHP,,,SQL,C#,,,,,
,JavaScript,CSS,PHP,Python,Ruby,SQL,C#,,,,,
,JavaScript,CSS,PHP,,,SQL,C#,C++,,Perl,,
,JavaScript,CSS,,,,SQL,C#,,,,,
,JavaScript,CSS,,,,SQL,C#,,,,,
,,,PHP,,,,,,,,,
,,,,,,,C#,,,,,
Java,JavaScript,CSS,PHP,Python,,SQL,,,C,Perl,,
,,,,,,,,,,,,
,JavaScript,CSS,PHP,,,SQL,C#,C++,,,,
,JavaScript,CSS,,,,SQL,C#,,,,,
,,,,,,,C#,C++,C,,,"VB.NET, VB 6, VBScript, VBA"
,,,,,,,,,C,,,
,JavaScript,CSS,PHP,Python,,SQL,,,,Perl,,
,,,,,,,,,,,,
,,,,,,SQL,,,C,Perl,,PowerBuilder
,,,,,,,,,,,,
,,,,,,,,,,,None,
,,,,,,,,,,,None,
Java,JavaScript,CSS,PHP,,,SQL,,,,,,
Java,,,,,,,,,,,,
,JavaScript,,,,,,C#,,,,,ColdFusion
Java,JavaScript,CSS,PHP,,,SQL,C#,,,,,
Java,JavaScript,,PHP,Python,,SQL,,C++,C,,,
Java,,CSS,PHP,,,,,,,,,
,,,PHP,,,SQL,,,,,,
Java,JavaScript,CSS,PHP,,Ruby,SQL,,,C,,,Scala
,,,,,,,,,,,,
,,,,,,SQL,,,,,,VB.NET
,,,,,,,,,,,,
,,CSS,PHP,,,,,,,,,
,JavaScript,CSS,,,,SQL,C#,,,,,f#
,JavaScript,CSS,,Python,,SQL,,,,,,
,JavaScript,CSS,PHP,,,,,,,,,
Java,JavaScript,CSS,PHP,,,SQL,C#,,,,,
Java,,,PHP,,,,,C++,C,,,"Haskell, LISP"
,,,,,,,C#,,,,,f#
,,,,,Ruby,SQL,C#,,,,,
,,,,,,,C#,,,,,
,,,,,Ruby,,,C++,,,,
Java,,,,,,,C#,C++,,,,
,JavaScript,CSS,,,,SQL,C#,,,,,
,,,,,,SQL,C#,,,,,
,JavaScript,CSS,,Python,,SQL,,C++,C,,,
,,,,,,,,,,,,ColdFusion
,,,,,,,C#,,,,,
Java,JavaScript,CSS,,Python,,SQL,C#,,,,,
,,,,,,,,C++,C,,,
,JavaScript,,PHP,,Ruby,SQL,,,,,,
Java,,,PHP,,,,,C++,,,,
Java,,,,,Ruby,SQL,,,,,,
Java,JavaScript,CSS,,Python,,,,C++,C,,,
,,,,,,,,,,,,
,,,,,,SQL,C#,,,,,
,,,PHP,Python,,,,,C,Perl,,BASH
Java,,,,,,SQL,,,,,,
Java,JavaScript,CSS,PHP,,,,,C++,C,,,
,,CSS,PHP,,,,,,,,,
,,,,,,,,C++,,,,
,JavaScript,CSS,,,,SQL,C#,,,,,
,,,,,,SQL,C#,,,,,
,JavaScript,CSS,,,,SQL,C#,,,,,
Java,,,,,,,,,C,,,
,,,,,,SQL,C#,C++,,,,
,,,PHP,,,SQL,,,,,,
,,CSS,,,Ruby,SQL,,,,,,
,,,PHP,,,SQL,,,,,,Delphi
,JavaScript,CSS,PHP,,,,,,,,,
,JavaScript,CSS,,,,SQL,C#,C++,,,,
,JavaScript,CSS,PHP,,,,,,,,,
,JavaScript,CSS,PHP,,,SQL,,,C,,,VB
,JavaScript,CSS,,,,SQL,C#,,,,,
,,,,Python,,,,C++,C,,,
Java,JavaScript,CSS,,Python,,SQL,,,C,,,
,JavaScript,CSS,,,,SQL,C#,C++,C,,,
,,,,,,SQL,,,,,,
,JavaScript,CSS,,,Ruby,SQL,,,,,,
,,,,,,,,,,,,
,,,,Python,,,,C++,C,,,Haskell
,JavaScript,,,,,,C#,C++,C,,,
Java,,,,,Ruby,,,,,,,
,,,,,,,,,,,,
,,,,,,,,,C,,,
,JavaScript,CSS,,,,SQL,C#,,,,,
,JavaScript,CSS,,Python,,SQL,,,,,,
,JavaScript,CSS,PHP,,,SQL,,,,,,
,,,,,,,,,,,,
,JavaScript,CSS,,,,SQL,C#,,,,,
,,,,,,,,,,,,
,,,PHP,,,,,C++,,,,
,,,,,,SQL,C#,,,,,
Java,,,,,,SQL,C#,,,,,
,,,PHP,,,,,,,,,
,,,,,,,,,,,,
,JavaScript,CSS,,,,SQL,C#,,,,,
,JavaScript,CSS,PHP,,,,,,,,,
,,,,Python,,,C#,,C,,,
,,,,,,,,C++,,,,
Java,,,,,,SQL,C#,,,,,
Java,,CSS,,Python,,,C#,C++,C,,,Lisp
Java,,CSS,,Python,,SQL,,C++,C,Perl,,Objective-C
,,CSS,,,,SQL,C#,,,,,
,,,,,,SQL,C#,,,,,
Java,JavaScript,CSS,,,,,,,,,,scala
,JavaScript,CSS,PHP,Python,,SQL,,,,,,
Java,JavaScript,CSS,PHP,,,SQL,C#,C++,C,,,
Java,JavaScript,CSS,,,,SQL,,,,Perl,,
,,CSS,PHP,,,,,,,,,jquery
,,,,,,SQL,C#,C++,C,,,PowerShell
,,,,,,,,C++,C,,,Objective-C (how dare you leave that out)! :-P
,,,,,,,C#,,,,,Classic VB
,JavaScript,CSS,,,,SQL,C#,,,,,VB.NET
Java,JavaScript,CSS,,Python,,SQL,C#,C++,,,,
,,,,,,,,,,,,
,,,,,,,,,,,,
Java,JavaScript,CSS,PHP,Python,,SQL,C#,,C,,,
,,,,,,,,C++,C,,,bash
,JavaScript,CSS,PHP,,,SQL,,,,,,
,JavaScript,,PHP,,,SQL,C#,C++,C,Perl,,
,JavaScript,CSS,,,,SQL,C#,,,,,
Java,,,,,,SQL,C#,,,,,VB.NET
,,,PHP,,,,C#,C++,,,,
,,CSS,PHP,,,SQL,,C++,C,,,
Java,JavaScript,CSS,,,,,C#,C++,,,,
,JavaScript,CSS,PHP,Python,Ruby,SQL,C#,,,Perl,,
Java,JavaScript,,,Python,,SQL,,C++,,,,
Java,JavaScript,CSS,,Python,,SQL,,C++,C,,,
Java,JavaScript,,,Python,,SQL,C#,,,,,XSLT
Java,JavaScript,CSS,,,,SQL,,,,,,
,JavaScript,CSS,PHP,,Ruby,SQL,C#,,,,,
,,CSS,,,,SQL,C#,,,,,
Java,JavaScript,CSS,PHP,Python,,SQL,,,,,,
,,,,,,,,C++,C,Perl,,
,JavaScript,,PHP,,,,,C++,,,,
,,,,,,SQL,,C++,C,,,
Java,,,,Python,,,,C++,C,,,
,,,,,,,,,,,,
,,,,,,,,,,,,
,,,PHP,,,SQL,,,,,,bash
Java,JavaScript,CSS,PHP,,,SQL,,,,,,
,JavaScript,CSS,PHP,Python,,SQL,,,,Perl,,
,JavaScript,,,,,SQL,C#,,,,,
,JavaScript,,,,,SQL,C#,,,,,
,,,,Python,,,C#,C++,C,,,
,JavaScript,,,,,SQL,C#,C++,C,,,
Java,,,,Python,,,,,,,,
,JavaScript,CSS,PHP,,,SQL,,,,,,
,,,,,,,,,,,,
,JavaScript,CSS,,,,SQL,C#,,,,,
,,,,Python,,,,C++,,,,
,JavaScript,CSS,PHP,,,SQL,,,,,,bash
,,,,Python,,,,C++,,,,
,,,,,,,C#,,,,,
,,,PHP,Python,,,,C++,,,,Scala
,,,,,,SQL,C#,,,,,"vb.net, Object Pascal"
Java,,,PHP,Python,,SQL,C#,C++,C,,,Bash
,JavaScript,CSS,PHP,,,SQL,,,C,,,Bash
,JavaScript,CSS,,Python,,SQL,C#,,,,,
,JavaScript,CSS,,,,SQL,C#,C++,C,,,Delphi
,,CSS,,,,SQL,C#,,,Perl,,
,JavaScript,CSS,PHP,Python,,,,C++,,,,X86 Assembly
Java,JavaScript,CSS,PHP,,,SQL,C#,C++,C,,,Object Pascal
Java,JavaScript,,PHP,,,SQL,C#,,,,,
,JavaScript,CSS,PHP,,,SQL,C#,,,,,
,,,,,,,,,,,,
,JavaScript,CSS,PHP,,,SQL,,,,,,
,JavaScript,CSS,PHP,,,,,,,,,
,JavaScript,CSS,PHP,,,,,,,,,
Java,JavaScript,CSS,PHP,Python,,SQL,C#,C++,C,,,
,JavaScript,CSS,PHP,Python,,,,,C,,,Go
,JavaScript,CSS,PHP,,,SQL,C#,,,,,
Java,JavaScript,CSS,PHP,,,SQL,C#,,,,,
Java,,,,,,,C#,C++,C,,,
,JavaScript,CSS,PHP,Python,,SQL,,,,,,
Java,,,,Python,,,,C++,C,,,
,JavaScript,CSS,,,,,C#,,,,,
,,CSS,PHP,,,SQL,,,,,,
Java,JavaScript,CSS,,,,SQL,C#,C++,C,Perl,,Objective-C
,,,,,,SQL,,C++,,,,VB ASP.NET
,JavaScript,CSS,,,,SQL,C#,,,,,
Java,,,,Python,,SQL,C#,,,,,
Java,JavaScript,CSS,PHP,,,SQL,C#,,,,,
Java,JavaScript,CSS,PHP,Python,,SQL,C#,C++,C,,,
Java,,,,,,,C#,C++,C,,,
Java,JavaScript,CSS,PHP,Python,,SQL,C#,,,,,
,JavaScript,CSS,,,,SQL,C#,,,,,
,JavaScript,,,,,,C#,,,,,
,JavaScript,CSS,PHP,,,SQL,C#,,,,,
Java,JavaScript,,,,,SQL,C#,,,,,
,,,,,,,,C++,,,,
,,,,,,SQL,,C++,C,,,
,JavaScript,CSS,,,,SQL,C#,,,,,
,,,,,,SQL,C#,,,,,Various
,,,,,,,,,,,,
,JavaScript,,,,,SQL,C#,,,,,Delphi
Java,,,PHP,,,SQL,C#,,,,,Delphi
Java,JavaScript,CSS,PHP,,,SQL,C#,,,,,
,,,,,,,C#,,,,,
Java,JavaScript,CSS,PHP,Python,Ruby,SQL,,C++,,,,"Groovy, Scala"
,JavaScript,,,,,,C#,,,,,vba
,,,,Python,,SQL,C#,,,,,vb/ vba
Java,JavaScript,CSS,PHP,,,SQL,C#,C++,C,Perl,,
,,,,Python,,,,,,,,
Java,JavaScript,CSS,PHP,,,SQL,C#,,C,Perl,,
,JavaScript,CSS,,,,SQL,C#,,,,,
Java,,,,Python,,,C#,C++,C,,,Objective-C
,,,,,,,,,,,,Delphi
,JavaScript,CSS,PHP,,,SQL,C#,C++,C,,,
,JavaScript,CSS,,,,SQL,C#,,,,,
Java,JavaScript,,,,,,C#,C++,C,,,
,,,,,,SQL,C#,,,,,
,JavaScript,,,,,SQL,C#,,,,,
,JavaScript,,,,,SQL,,,,,,
,JavaScript,CSS,,,,SQL,C#,,,,,
,JavaScript,CSS,,,,SQL,C#,,,,,
Java,JavaScript,CSS,,Python,,SQL,C#,C++,C,,,
Java,JavaScript,CSS,PHP,,,SQL,C#,C++,C,,,
,JavaScript,CSS,,,Ruby,SQL,C#,,,,,
,,CSS,,,,SQL,C#,,,,,
,,,,,,,,,,,,
,JavaScript,CSS,,,,SQL,C#,C++,C,,,
,,,,,,,C#,,,,,Actionscrip
,JavaScript,CSS,,,Ruby,SQL,C#,C++,,,,VB.NET!
Java,,,,Python,,SQL,,C++,C,,,
Java,,,,,,SQL,C#,,,,,Forte 4GL
Java,,,,Python,,,C#,C++,,,,
,JavaScript,CSS,,,,,C#,,,,,
,,,,Python,,,C#,C++,,Perl,,
Java,,,PHP,,,SQL,,,,,,Flex
,JavaScript,CSS,,Python,,SQL,,,,,,Objective-C
Java,JavaScript,CSS,,,,SQL,C#,,,,,
,JavaScript,CSS,PHP,,,SQL,C#,,,,,
,JavaScript,CSS,,,,SQL,C#,,,,,visual basic
,,,,,,,C#,,,,,
,JavaScript,CSS,,Python,,SQL,C#,,,,,
,,,,,,SQL,C#,,,,,Objective-C
Java,,,,,,SQL,,C++,C,,,
Java,JavaScript,CSS,PHP,,,,,C++,C,,,Objective C
,,,,,,SQL,,,,,,Delphi
Java,JavaScript,CSS,,,,SQL,,C++,C,,,
,,,,,,SQL,C#,,,,,
,JavaScript,,,,,SQL,C#,,,,,VB.NET
Java,JavaScript,,,,,SQL,,,,,,
Java,,CSS,,Python,,,C#,C++,,,,
,JavaScript,CSS,,,,SQL,C#,,,,,
Java,,,,,,,C#,,,,,
,,CSS,,,,,,,,,,
,JavaScript,CSS,PHP,Python,,SQL,,,,,,vb.net
,JavaScript,CSS,PHP,,,SQL,,,,,,
Java,JavaScript,CSS,,,,,C#,,,,,
,,,,,,,C#,,,,,
Java,JavaScript,CSS,PHP,Python,,SQL,,,C,,,
Java,JavaScript,,PHP,,,SQL,C#,,,,,
,,,,,,SQL,C#,,,,,
,JavaScript,CSS,PHP,,,SQL,C#,,,,,Objective-C
,,,,,,,C#,,,,,
,,,,,,,C#,,,,,VB.NET
,,,,,,,,,,,,delphi
,,,,,,,,,,,,
,,,,,,,,,,,,
,JavaScript,CSS,PHP,,,,,,,,,
,,,,,,SQL,C#,,,,,
,,CSS,,,,,,,,,,
,JavaScript,,PHP,,,SQL,C#,C++,C,,,Objective C
Java,JavaScript,,,,,SQL,C#,,,,,
,,,,,,,C#,,,,,
Java,JavaScript,CSS,,Python,,,,,C,Perl,,Prolog
,,,,Python,,,,C++,C,,,
,,,,,,,,,,,,
,JavaScript,CSS,PHP,,,SQL,C#,,,,,
Java,,,,,,,C#,,,,,
,,,,,,,,,,,,
,,CSS,PHP,,,,,,C,,,
,,,,,,,,,,,,
Java,,,,Python,Ruby,SQL,C#,,,,,Erlang
Java,,CSS,,Python,,SQL,C#,,,,,
,,,,,,,,,,,,
,JavaScript,CSS,,,,SQL,C#,C++,C,,,
,JavaScript,CSS,,,,SQL,C#,,,,,
Java,JavaScript,CSS,,,,SQL,C#,,,,,
Java,,,,Python,,SQL,,,C,Perl,,
,,,,,,SQL,C#,,,,,vb
Java,JavaScript,,PHP,,,SQL,C#,C++,,,,
,JavaScript,CSS,,,,SQL,C#,,,,,
,JavaScript,CSS,PHP,,,SQL,C#,,,,,
,JavaScript,CSS,PHP,,,,,,,,,
,,,,,,SQL,C#,,,,,
,,,,,,,,,C,Perl,,
,,,,,,SQL,C#,,,,,
,,,,,,,C#,,,,,
,JavaScript,CSS,,,,SQL,C#,,,,,
,,,PHP,,,SQL,C#,C++,C,Perl,,VB.Net
,,,,,,,,,,,,
,,,,,,,,,,,,
,JavaScript,,,,,SQL,C#,,,,,
,,,PHP,,,,,,,,,Actionscript 3
,,,,,,,C#,,C,,,
Java,,,,Python,,,,,,,,
,,,,,,SQL,C#,C++,,,,
,,CSS,,,,SQL,C#,C++,,,,
Java,JavaScript,CSS,,,,SQL,C#,,,,,
Java,JavaScript,CSS,PHP,,,SQL,,,,,,
Java,JavaScript,CSS,,,,SQL,,,,,,
,,,,,,,C#,,,,,"VBA, Coldfusion"
,,,,,,SQL,C#,,,,,
,,,,,,,,,,,,
,JavaScript,CSS,PHP,,,SQL,C#,,,,,
Java,JavaScript,CSS,PHP,,,SQL,,,,,,
Java,,,,Python,,,,C++,C,,,
,,,,,,,,,,,,asp.net c#
,,,,,,SQL,C#,,,,,
,,,,Python,,SQL,,,,Perl,,
,,,,,,,,,,,,
Java,JavaScript,CSS,PHP,Python,,,C#,C++,C,,,ocaml
Java,,CSS,,,,SQL,C#,,,,,Objective-c
,JavaScript,CSS,,,,SQL,C#,,,,,
,JavaScript,,,,,SQL,C#,,,,,
Java,JavaScript,CSS,,,,SQL,C#,,,,,
,,,,,,SQL,C#,,,,,
,,,,,Ruby,,C#,,,,,
Java,JavaScript,CSS,PHP,,,,,,,,,
Java,,,,Python,Ruby,,C#,,,,,f#
,,,,,,SQL,,,,,,coldfusion
,JavaScript,CSS,PHP,,Ruby,SQL,,,,Perl,,
,,,,,,,,,,,None,
,JavaScript,CSS,,,,SQL,C#,,,,,
,,,,,,,C#,C++,C,Perl,,
,JavaScript,,,,,SQL,C#,,,,,
,,,,,,,,,,,,
,JavaScript,CSS,,,,SQL,C#,,,,,
,,,,,,,,,,,,
,JavaScript,CSS,,,,SQL,C#,,,Perl,,
,,,,,,,C#,,,,,
Java,JavaScript,CSS,,,,,,,,,,
,JavaScript,CSS,,,,SQL,C#,,,,,
,,CSS,PHP,,Ruby,,,,,,,
,,,,,,,,,,,,
Java,,,,,,SQL,C#,,,,,
,,CSS,,,,SQL,C#,,,,,Basic
,,,,,,,,,,,,
,,CSS,,,Ruby,,C#,,,,,
,JavaScript,CSS,,,Ruby,SQL,C#,,,,,
,JavaScript,CSS,,,,,C#,,,,,
Java,JavaScript,CSS,,,Ruby,,C#,,,Perl,,
,,,,,,,,,,,,Webfocus
,JavaScript,CSS,,,,,C#,,,,,
,,,,,,SQL,C#,,C,,,Delphi
,,,,,,SQL,,,,,,PL/SQL
,JavaScript,CSS,,,,SQL,C#,,,,,
,JavaScript,CSS,,,,,C#,,,,,
Java,JavaScript,,,,Ruby,,,,,,,
,JavaScript,CSS,,,Ruby,,C#,,,,,
,JavaScript,CSS,,,,SQL,C#,,,Perl,,
,JavaScript,CSS,,,,SQL,C#,,,,,
Java,JavaScript,CSS,,,,SQL,,C++,,,,
,JavaScript,CSS,,,,SQL,C#,,,,,
,,,,,,,,C++,C,,,
,JavaScript,CSS,,,,,C#,,,,,
,JavaScript,CSS,,,,SQL,C#,,,,,
Java,JavaScript,CSS,,,,SQL,C#,C++,C,,,
Java,JavaScript,CSS,PHP,,,SQL,C#,,,,,
,,,,,,SQL,C#,,,,,
,,,,,,SQL,,C++,,,,TCL
,JavaScript,,,,,SQL,C#,,,,,
,JavaScript,CSS,,,,SQL,C#,,,,,
Java,,,,,,SQL,,C++,C,,,
,,CSS,,,,SQL,C#,C++,C,,,
,,,,,,,,C++,C,,,
,JavaScript,CSS,PHP,,,SQL,C#,C++,C,,,Objective-C
Java,,,,,,SQL,C#,,,,,
,JavaScript,CSS,PHP,,,SQL,,,,,,
,,,,,,SQL,,,,,,
,JavaScript,,,,,SQL,C#,,,,,"Flash, Flex, Actionscript"
,JavaScript,CSS,PHP,,,,,,,,,
Java,,,PHP,,,,,,,,,bash
,,,,Python,Ruby,,,C++,C,,,
Java,JavaScript,CSS,,Python,,SQL,,,,Perl,,
,JavaScript,CSS,PHP,,,SQL,,,,,,
,JavaScript,CSS,PHP,,,SQL,,,,,,Delphi
,JavaScript,CSS,,Python,,,,,C,Perl,,Maya MEL
,,,,,,,,,,,,
Java,JavaScript,CSS,PHP,,,,,,,,,
Java,JavaScript,CSS,,,,SQL,,,,,,
,,,,,,,,C++,C,,,
Java,,,,,,,,C++,,Perl,,
,JavaScript,CSS,,,,SQL,C#,,,,,
,,CSS,,Python,Ruby,,,C++,C,,,Objective-C
Java,,,,,,,C#,C++,,,,Nemerle
,JavaScript,CSS,,,,SQL,,,,,,vb.net
Java,JavaScript,CSS,,,,SQL,C#,,,,,
Java,,,,,,SQL,,C++,C,,,Objective C
,,,,,,SQL,C#,C++,,,,
,,,,Python,,,,,,,,
,JavaScript,CSS,PHP,,,SQL,C#,,,,,
Java,,,,Python,,,,,,,,Tcl
Java,JavaScript,CSS,,,,SQL,,,,,,Objective-C
,,CSS,PHP,,,SQL,,,,,,
Java,JavaScript,CSS,PHP,,,SQL,,,,,,
Java,,,,Python,,SQL,C#,,,,,
,,,,,,,C#,C++,C,,,
Java,JavaScript,,,,,,C#,,,,,
,JavaScript,CSS,,,,SQL,C#,C++,,,,
Java,,,,,,SQL,C#,C++,,,,
,JavaScript,CSS,,,,SQL,C#,,,,,
Java,JavaScript,CSS,,Python,,SQL,,,,Perl,,Haskell
,,,,,,,C#,,C,,,
Java,,CSS,PHP,,,,,,,,,
,JavaScript,CSS,,,,SQL,C#,,,,,
,JavaScript,CSS,PHP,,,SQL,,,,,,
,,CSS,,,,SQL,C#,,,,,
,JavaScript,,,,,SQL,C#,,,,,
,JavaScript,,,,,SQL,C#,,,,,
,,,,,,,,,,,,
,JavaScript,CSS,,,,SQL,C#,,,,,
Java,,,,,,,,C++,,Perl,,
,JavaScript,CSS,PHP,,,SQL,C#,,,,,
,JavaScript,CSS,PHP,,Ruby,SQL,,C++,C,,,
,,,,,,SQL,C#,,,,,
,JavaScript,CSS,,,,SQL,C#,,,,,
Java,JavaScript,,,,,SQL,,,C,,,
Java,,,,Python,,SQL,C#,,,Perl,,
Java,JavaScript,CSS,,Python,,,,C++,C,,,SAS
,JavaScript,,,,,,C#,,,,,
,,,,,,SQL,C#,,,,,
Java,JavaScript,CSS,,,,SQL,C#,C++,C,,,
,,CSS,PHP,Python,,SQL,C#,,,,,
,,,,Python,,,C#,,,,,Objective C
,,,,,,,C#,C++,,,,
Java,,CSS,,,,SQL,,C++,C,Perl,,"Common Lisp, Clojure, Scala, LaTeX"
,JavaScript,CSS,,,,SQL,C#,C++,,,,
,,,,,,SQL,,C++,C,,,
,,,,,,,,,,,,
Java,,,,Python,,,,,,,,
,,CSS,,,,SQL,C#,,,,,VB.NET
,JavaScript,,,,,SQL,C#,,,,,
Java,,,PHP,,,SQL,C#,,C,,,
Java,JavaScript,CSS,PHP,Python,,SQL,,C++,C,,,
Java,JavaScript,CSS,PHP,Python,,,,,,,,xslt
,JavaScript,CSS,,,,SQL,C#,,,,,
,JavaScript,CSS,PHP,,,SQL,,,,,,
,JavaScript,CSS,,Python,,SQL,C#,,,,,
,,,,,,SQL,,,,,,vb.net
Java,JavaScript,CSS,,,,SQL,C#,,,,,
Java,,,,Python,,SQL,C#,C++,C,,,F#
Java,JavaScript,CSS,PHP,,,SQL,C#,,,,,
,JavaScript,CSS,,Python,Ruby,,C#,,C,,,
Java,,,,,,SQL,C#,,,,,
,JavaScript,,,,,,,C++,C,,,Objective-C
,JavaScript,CSS,PHP,,,,,,,,,
,,,,,,,C#,,,,,
,,,,,,,C#,,,,,
,,,,,,,,,,,,
Java,JavaScript,,,,,,,,,,,
,,,,Python,,,,C++,C,Perl,,
Java,JavaScript,,,,,SQL,,,,,,
,,,,,,,,C++,C,Perl,,
Java,,,,,,,,,,,,Scala
,JavaScript,CSS,,,,SQL,C#,,,,,
,JavaScript,CSS,PHP,,,SQL,,C++,C,,,
Java,,,,,,,,,,,,
,JavaScript,CSS,PHP,,,,,,,,,
,JavaScript,CSS,PHP,,,SQL,,,,,,
,,,,,,,,,,,,
,,,,,,SQL,C#,C++,C,,,
,JavaScript,,,,,SQL,C#,,,,,
Java,,,,,,,C#,C++,,,,
,,CSS,PHP,,,SQL,,,,,,
,,,,,,,,,,,,
,,,,,,,,,,,,
,,,,,,,,,,,,
,,,,,,,,,,,,
,JavaScript,CSS,,,,SQL,C#,,,,,
,JavaScript,CSS,,Python,,SQL,C#,,,,,
Java,JavaScript,,,Python,,,,,,,,Groovy Haskell
,JavaScript,,,,,SQL,C#,,,,,
,,,,,,,,C++,C,Perl,,
,JavaScript,,,Python,,,,,,,,
,JavaScript,CSS,PHP,Python,Ruby,SQL,C#,,,,,
,JavaScript,CSS,,,Ruby,SQL,C#,,,,,
,,CSS,,,,,C#,,,,,
,JavaScript,,,Python,,,,C++,C,,,
,,,,,,,,C++,C,,,Objective-C
Java,,,,,,,,,,,,
Java,,CSS,PHP,Python,,SQL,C#,C++,C,,,"Assembly, Lisp, Scheme, LOLCODE"
,JavaScript,CSS,,,Ruby,SQL,,,,,,
Java,JavaScript,CSS,PHP,Python,,SQL,C#,,,,,
,JavaScript,CSS,,,,SQL,C#,,,,,
,JavaScript,CSS,,,,SQL,C#,,C,,,
,,CSS,,,,,C#,C++,,,,
,JavaScript,CSS,,,,SQL,C#,,,,,
Java,,,,Python,Ruby,,,,,,,"Haskell, Prolog"
,,CSS,,,,SQL,C#,,,,,VBA
,,,,,,,C#,C++,,,,
,,,,,,SQL,C#,,,,,
Java,,,,Python,,,,C++,C,,,
,,,,,,SQL,C#,C++,C,,,
,JavaScript,CSS,PHP,,,SQL,,,,,,Objective-C
Java,JavaScript,,,,,SQL,C#,,C,,,AS3
Java,JavaScript,,,,,SQL,C#,,,Perl,,
,,,PHP,,Ruby,SQL,,,,,,"VB, COBOL"
,JavaScript,CSS,PHP,,,SQL,,,C,Perl,,
,,,,,,SQL,C#,C++,C,,,
,,,PHP,,,,,C++,C,,,
Java,JavaScript,CSS,,,Ruby,SQL,C#,,,Perl,,
,,,,,,,C#,C++,,,,
,,,,,,SQL,C#,,,,,
,,,,,,SQL,C#,,,,,vb.net
,,,,,,,C#,,,,,PowerShell
,,,,,,SQL,C#,,,,,
,JavaScript,CSS,PHP,Python,,SQL,C#,C++,C,,,
,,,,,,SQL,C#,,C,,,
,,,,,,SQL,,C++,,,,
Java,JavaScript,,,Python,,SQL,,C++,C,,,
,JavaScript,,,,,SQL,C#,,,,,
,JavaScript,,,,,SQL,C#,,,,,
Java,,,,,,SQL,C#,C++,,,,
Java,JavaScript,CSS,PHP,Python,Ruby,SQL,C#,,C,,,
,JavaScript,CSS,,,,SQL,C#,,,,,VB.NET
,,,,,,,C#,,,,,Visual Basic.NET
,,,,,Ruby,,,,C,,,
,,CSS,,,,SQL,C#,,,,,
,JavaScript,,,,,SQL,C#,,,,,
,JavaScript,CSS,,Python,,SQL,C#,C++,C,,,
,,,,,,,C#,,,,,
Java,JavaScript,CSS,PHP,,,SQL,C#,,C,,,
Java,JavaScript,CSS,PHP,Python,,SQL,,,,,,"Groovy, ColdFusion"
,,,,,,SQL,C#,,,,,
,,,,,,SQL,C#,,,,,VB.NET
,,CSS,,,,,,,C,,,
,,,,,,SQL,C#,C++,C,,,VB.NET
Java,JavaScript,CSS,,,,SQL,C#,,,,,
,,,,,,SQL,C#,C++,,,,VB
,JavaScript,CSS,PHP,,,SQL,C#,,,,,
,JavaScript,,,,,SQL,C#,C++,C,,,
Java,,,,,,SQL,C#,,,,,
,JavaScript,CSS,PHP,,,SQL,C#,,,,,VB
,,,,Python,,SQL,,,C,,,
,JavaScript,CSS,,,,SQL,C#,C++,C,Perl,,XSLT
,,,,,,,,,,,,
,,,,,,SQL,C#,C++,,,,VB
,,,,Python,,,,C++,C,,,
,,,,,,,,,,,,
,,CSS,,,,SQL,C#,,,,,ASP
,,,,,,SQL,C#,,,,,
Java,JavaScript,CSS,,,,SQL,C#,C++,C,,,
,JavaScript,CSS,,,,SQL,C#,,,,,
,JavaScript,CSS,,,,SQL,C#,,,,,VB.Net
,,,,,,,,,,Perl,,
Java,,,,,,,C#,,,,,Visual Basic
,,,,Python,,,,C++,,,,
,JavaScript,CSS,,,,SQL,C#,,,,,
,JavaScript,CSS,,,,SQL,C#,,,,,
Java,JavaScript,CSS,,,Ruby,SQL,,C++,C,Perl,,
,,,,,,SQL,,C++,C,,,
,,,,,,,C#,,,,,
,JavaScript,CSS,,,Ruby,SQL,C#,C++,C,,,
,,,,,,,,,,,,
,JavaScript,CSS,,,,SQL,C#,,,,,
Java,JavaScript,CSS,PHP,,,SQL,,,,,,Delphi
,,,,,,,C#,C++,C,Perl,,
Java,,,,,,SQL,C#,C++,C,,,
Java,,,,Python,,SQL,C#,,C,,,
Java,JavaScript,CSS,,,,SQL,C#,,,,,
,JavaScript,CSS,,,,SQL,C#,,,,,
,JavaScript,,,,,SQL,C#,,,,,
,JavaScript,CSS,,,,SQL,C#,,,,,
,JavaScript,CSS,,,,SQL,C#,,,,,"vb. technologies: asp.net, wpf, wcf"
,JavaScript,CSS,,,,SQL,,,,,,VB.NET
Java,,,,,,SQL,C#,,,,,
,,,,,,SQL,,C++,C,,,
,JavaScript,CSS,PHP,,Ruby,SQL,,,,,,
,JavaScript,CSS,,,Ruby,SQL,,,,,,
,JavaScript,CSS,PHP,,,SQL,C#,,,,,
,JavaScript,CSS,PHP,,,,C#,,,,,
Java,JavaScript,CSS,PHP,Python,,SQL,C#,C++,C,Perl,,Assembler (x86 and win32)
,JavaScript,CSS,PHP,,,SQL,C#,,,,,
,,CSS,PHP,,,,,,,,,"JavaScript (incl. jQuery), HTML"
Java,JavaScript,CSS,,,,SQL,C#,,,,,
Java,,CSS,,,,SQL,,,,,,
Java,JavaScript,CSS,PHP,Python,,SQL,,,,,,ActionScript
,,CSS,PHP,,,,C#,C++,C,,,eiffel
,JavaScript,CSS,,,,SQL,C#,,,,,
,,,,,,,,C++,,,,
,JavaScript,CSS,PHP,,Ruby,SQL,C#,,,,,
,,,,,Ruby,,,,,,,"bash, awk, sed, linc 4gl"
Java,JavaScript,,,,,SQL,C#,,C,,,VB6
,JavaScript,,,,,,C#,,,,,
,,CSS,,,,,C#,,,,,
,JavaScript,CSS,PHP,,,SQL,C#,C++,C,Perl,,
Java,,,,Python,,,C#,C++,C,,,
,JavaScript,CSS,,,,SQL,C#,,,,,
,JavaScript,CSS,PHP,,Ruby,SQL,,,,,,
,JavaScript,CSS,PHP,,,SQL,C#,C++,C,,,
,,,,,,,,,,,,
,JavaScript,CSS,,,,SQL,C#,,,,,
,JavaScript,CSS,,,,,C#,,,,,
Java,JavaScript,CSS,,,,SQL,C#,,,Perl,,
Java,,,,,,,,,C,,,
Java,JavaScript,CSS,,,,SQL,,,,,,
Java,JavaScript,,,Python,,,C#,,,,,
,JavaScript,CSS,PHP,Python,,,,,,,,
,JavaScript,CSS,,,,,C#,,,,,
,,,,,,SQL,,,,,,
,,,,,,,,,,,,
,,,,Python,,,,C++,C,,,
,,CSS,,,,SQL,C#,,,,,
Java,JavaScript,CSS,PHP,,,SQL,C#,,,Perl,,
,JavaScript,CSS,,,,SQL,C#,,,,,
,JavaScript,CSS,PHP,,,SQL,,,,,,
,JavaScript,CSS,,,,SQL,C#,,,,,
,JavaScript,CSS,,,,SQL,C#,,,,,
,,,,,,SQL,,,,,,"Coldfusion, Sybase Powerbuilder"
,,,,,,,,C++,C,,,ARM assembly
,,,,,,,,,,,,
,JavaScript,CSS,,,,SQL,,,,,,classic asp (vbscript)
,JavaScript,CSS,PHP,,,,,,,,,"xhtml, html"
Java,,,,Python,,SQL,C#,C++,C,Perl,,
Java,JavaScript,CSS,,,,SQL,,,,,,
,,,,,,,C#,C++,C,,,
,JavaScript,CSS,,,,SQL,C#,,,,,
,JavaScript,CSS,PHP,,Ruby,,,,,,,
,,,,,,,,,C,,,VHDL
Java,,,,,,,,,,,,
Java,JavaScript,CSS,,Python,,SQL,,,,,,
Java,JavaScript,,,,,SQL,C#,,,,,
Java,JavaScript,CSS,,Python,,SQL,,C++,C,Perl,,
,,,,,,,,,,,,
,JavaScript,CSS,,,,SQL,C#,,,,,vb.net
,,CSS,,,,SQL,C#,,,,,
Java,JavaScript,CSS,,,,,,,C,Perl,,Haskell
Java,JavaScript,CSS,,,Ruby,,,,,,,
,JavaScript,CSS,,,,SQL,C#,,C,Perl,,
Java,JavaScript,CSS,PHP,,,SQL,C#,C++,C,,,MATLAB
,,,,,,,,,,,,LabVIEW
,JavaScript,CSS,,,,SQL,C#,,,,,
,JavaScript,CSS,,,,SQL,C#,,,,,
Java,JavaScript,CSS,,,,SQL,C#,C++,,,,
Java,,,,Python,Ruby,SQL,C#,C++,,,,
,,,,,,,,,,,,vb.net
,,,,,Ruby,,,,,,,
,,,,,,SQL,C#,,,,,Delphi
,,,,,,SQL,C#,,,,,VB6
,JavaScript,CSS,PHP,,,,,,C,Perl,,
,JavaScript,,PHP,,,SQL,,C++,,,,
,,CSS,PHP,,,SQL,,,,,,ColdFusion
,JavaScript,CSS,PHP,,,SQL,C#,,,,,
,,,PHP,,,,C#,,,,,
Java,,,,,,SQL,,C++,C,,,
,,,,,,,,,,,,
,,,,,,,C#,C++,,,,
Java,JavaScript,CSS,,,,SQL,C#,,,,,
Java,,,,Python,Ruby,,,C++,C,Perl,,
Java,JavaScript,CSS,PHP,Python,,SQL,C#,C++,C,,,
,,,,Python,,,,,C,,,Common Lisp
,,,,Python,,,,C++,C,Perl,,
,,CSS,,,Ruby,SQL,C#,,,,,VBA
,JavaScript,CSS,,,,SQL,C#,,,,,
Java,,,,,,,,,,,,
,,CSS,PHP,,,SQL,C#,C++,,,,many
Java,,CSS,PHP,,,SQL,C#,,,,,
,JavaScript,CSS,,,,SQL,C#,C++,,,,
,JavaScript,CSS,,,,,C#,,,,,
,JavaScript,CSS,,,,SQL,C#,,,,,
Java,JavaScript,CSS,,,,SQL,,,,,,
Java,,,,,,,C#,C++,C,,,
Java,,,,,,,C#,C++,C,,,
Java,,,,,,,C#,C++,,,,
Java,JavaScript,CSS,,,,SQL,C#,,,,,XAML
Java,JavaScript,CSS,PHP,,,SQL,,,,,,
,,,,,,,,,C,Perl,,
Java,JavaScript,CSS,,,,SQL,,,,,,"Groovy, Grails"
Java,JavaScript,CSS,,,,,,,,,,
Java,JavaScript,CSS,PHP,,Ruby,SQL,,C++,C,,,
,,,,,,,,,,,,Delphi
,JavaScript,,PHP,Python,Ruby,,,,,,,
Java,,,,Python,,SQL,,C++,,,,Prolog
,JavaScript,CSS,PHP,,,SQL,,,,,,
,,,,,,SQL,C#,,,,,
,,,,,,,,C++,C,,,VB
Java,,,,,,SQL,,,,,,
,JavaScript,CSS,PHP,Python,,SQL,C#,,C,,,
,,,,,,SQL,C#,,,,,LabVIEW
,JavaScript,,PHP,,,SQL,,,,,,ABAP
,,,,,,SQL,,,,,,Delphi
,,,PHP,,,,,,,,,
Java,JavaScript,CSS,,,,SQL,C#,,,,,
,,,,Python,,,,C++,C,,,
,JavaScript,,,,,SQL,C#,C++,C,Perl,,
Java,JavaScript,CSS,PHP,,,SQL,,,,,,
,JavaScript,CSS,,,,SQL,C#,,,,,VB
,,,,,,,,,,,,
Java,,,,Python,,,,C++,C,,,
Java,JavaScript,,,,,SQL,,C++,C,,,
Java,JavaScript,CSS,PHP,Python,,SQL,,C++,C,Perl,,
,JavaScript,CSS,PHP,,,SQL,C#,,,,,Delphi
,,,,,,SQL,C#,,,,,
Java,JavaScript,,,,,,C#,C++,,,,D
,JavaScript,CSS,,,,SQL,,,,,,VB.NET
,,,,,,,,,,,,
Java,JavaScript,CSS,PHP,,,SQL,C#,,,,,
,JavaScript,CSS,PHP,,,SQL,,,,,,
Java,JavaScript,CSS,,,,SQL,C#,,,,,
,,,,,Ruby,,,,,,,
Java,JavaScript,CSS,PHP,,Ruby,SQL,C#,,C,Perl,,ObjectiveC
,,,,Python,,,C#,C++,C,,,F#
,JavaScript,CSS,PHP,,,SQL,C#,,,,,
Java,,,,,,,C#,,C,,,
Java,,,,Python,,,,C++,C,,,R
,JavaScript,,,,Ruby,,,,,,,
,JavaScript,CSS,,,,SQL,C#,,,,,"vb.net, actionscript"
Java,,,,,,,,,,,,
Java,JavaScript,CSS,,Python,,,C#,,,,,AutoHotkey
,,,,,,SQL,C#,,,,,
Java,JavaScript,CSS,PHP,,Ruby,SQL,,C++,C,Perl,,
,JavaScript,CSS,,,,SQL,C#,,,,,
,,,,,,,,,,,,
,JavaScript,CSS,PHP,,,SQL,,,,,,
,,,,,,,,,,,,
Java,JavaScript,CSS,,,,SQL,C#,,,,,
,,,,,,,,,,,,
Java,,,,,,SQL,,,,,,
,,,,,,,,,,,None,
Java,JavaScript,CSS,PHP,Python,,SQL,C#,C++,C,Perl,,
,,,,,,,C#,C++,C,,,
Java,JavaScript,,PHP,Python,,,C#,C++,C,,,
Java,JavaScript,CSS,,,,SQL,C#,,,,,
,JavaScript,CSS,PHP,,Ruby,SQL,C#,C++,C,,,
,,,,,,,,,,,,
,,,,,,SQL,C#,,,,,
,JavaScript,CSS,PHP,,,SQL,C#,,,,,
,,,,Python,,,C#,,,,,VB
,,,,,,,C#,,,,,VB.NET
,,,,,,,,,,,,
Java,JavaScript,CSS,,,,SQL,C#,,,,,
,JavaScript,CSS,,,,SQL,C#,C++,C,,,"Matlab, AWK, ..."
,JavaScript,,,,,SQL,C#,,,,,
,JavaScript,CSS,,,,SQL,C#,C++,,,,
Java,,,,Python,,,C#,,,,,
,JavaScript,CSS,,,,SQL,C#,,,,,
,,,PHP,,,SQL,,C++,,,,
Java,JavaScript,CSS,PHP,Python,,SQL,,C++,C,Perl,,
,,CSS,PHP,,Ruby,,,,,,,
Java,JavaScript,CSS,PHP,,,SQL,C#,,,,,VB.NET
Java,JavaScript,,,Python,,,,,,,,clojure
Java,JavaScript,CSS,,,,SQL,,,,,,
,,,,,,SQL,C#,,,,,
,,,,,,SQL,C#,,,,,
,,,,,,,,,C,Perl,,
,,,,,,,C#,,,,,
,,,,,,,,,,,,
,JavaScript,,,,,SQL,C#,,,,,
Java,JavaScript,CSS,PHP,Python,Ruby,SQL,,,,,,flex
Java,,,,,,SQL,,,,,,
,JavaScript,CSS,,Python,,SQL,C#,,,,,
,,,,,Ruby,SQL,,C++,C,Perl,,"make, OCaml"
,,,,Python,,,,C++,,,,Delphi
Java,JavaScript,CSS,,,,SQL,C#,,,,,anything
,,,,,,SQL,C#,,,,,Delphi
,JavaScript,CSS,PHP,,,SQL,,,,,,
,,,,,,SQL,C#,C++,C,,,
,,CSS,PHP,,Ruby,,C#,C++,C,,,
Java,JavaScript,,PHP,Python,,SQL,C#,C++,C,,,
Java,,,,,,SQL,,,,,,
,,,,,,,,,,,,Network
,,,,,,,,,C,,,Objective-C
Java,,,,,,,,,,,,
,JavaScript,CSS,PHP,Python,,SQL,C#,C++,C,,,
Java,,CSS,,,,,C#,,,,,
Java,JavaScript,,,,Ruby,SQL,,,,,,
,,CSS,PHP,,,SQL,,,,,,
,JavaScript,CSS,PHP,,,SQL,C#,,,,,
,JavaScript,CSS,,,,SQL,C#,,,,,
,JavaScript,CSS,,,,SQL,C#,C++,,,,F#
Java,JavaScript,,,,,SQL,C#,,C,,,
,JavaScript,,,,,,C#,C++,C,,,assembly language
,,,,,,,,,,,,
Java,JavaScript,CSS,PHP,,,SQL,C#,C++,,,,
,JavaScript,CSS,,,,SQL,C#,,,,,
,JavaScript,CSS,,,,SQL,C#,,,,,
,JavaScript,CSS,PHP,Python,,SQL,,C++,C,Perl,,
,,,,,,SQL,C#,,,,,
Java,,,PHP,Python,,SQL,C#,,,,,Scala
,,,,,,,C#,,,,,
,JavaScript,CSS,PHP,,,,,,,,,
,,,,,,SQL,C#,,,,,
,,,,,,SQL,C#,,,,,vb6
,JavaScript,,,,,,C#,,,,,
Java,,,,Python,Ruby,SQL,,,,,,
Java,,,,Python,,,,C++,,,,
,,,PHP,,,SQL,,,,,,VBA
Java,JavaScript,,,Python,,,,,,,,
Java,,,,Python,,SQL,,,,,,
,,,,,,,C#,C++,,,,
Java,,,,Python,,SQL,C#,C++,C,,,"Assembly, VB"
Java,JavaScript,CSS,PHP,Python,,,C#,,C,,,
,,,,,,,C#,C++,,,,
,,,,,,,,C++,C,Perl,,
Java,,,,Python,,,C#,C++,C,,,
,JavaScript,CSS,,,,SQL,C#,,,,,
,,,,,,,,,,,None,
Java,,,,,Ruby,SQL,,,,,,groovy
Java,,,,,,,C#,,,,,
Java,JavaScript,CSS,PHP,,,,C#,,,,,
Java,,,,,,,,,C,,,
Java,,CSS,PHP,,,,,,,,,
,,,,,,,,C++,C,,,
,,,,,,SQL,,,,,,
,JavaScript,,,,,SQL,C#,C++,,,,
Java,JavaScript,CSS,,,,SQL,C#,C++,C,,,
,JavaScript,CSS,,,,SQL,C#,,,,,
,JavaScript,CSS,,Python,Ruby,SQL,,,,,,
Java,JavaScript,CSS,PHP,,Ruby,SQL,C#,C++,C,,,
Java,,,,,,,,C++,C,,,
,JavaScript,,PHP,,,,,,,,,
Java,JavaScript,CSS,,,,SQL,C#,,,,,
,JavaScript,CSS,PHP,,,SQL,,,,,,
,,,,Python,,,,,,,,
Java,,CSS,PHP,,,SQL,,,,,,
,,,,,,SQL,C#,,,,,
Java,JavaScript,CSS,,Python,,SQL,,C++,C,Perl,,OCaml
,,,,,,,,,,,,
,,,,Python,,,,,,,,
Java,JavaScript,CSS,,,,SQL,,,C,,,Objective-C
,JavaScript,CSS,,,,SQL,C#,C++,,,,
,JavaScript,CSS,,,,SQL,C#,,,Perl,,
,JavaScript,CSS,PHP,,,SQL,C#,,,,,VB.NET
,JavaScript,CSS,,,,SQL,C#,,,,,
,JavaScript,CSS,,,,SQL,C#,,,,,
,JavaScript,CSS,PHP,,,SQL,C#,C++,C,,,
,JavaScript,CSS,PHP,,,SQL,C#,,,,,
,,,,,,SQL,C#,,,,,
,,,,Python,,,,,,Perl,,
Java,,,PHP,Python,,SQL,C#,C++,C,,,
,,,,,,SQL,C#,,,,,
,JavaScript,CSS,PHP,,,,,,,,,
,JavaScript,CSS,PHP,Python,,SQL,,C++,C,,,
,,,,,,SQL,C#,,,,,"VB.NET, VB6"
,,,,,,,C#,,,,,
Java,,,PHP,,,SQL,C#,,,,,
,,,,,,,,C++,C,Perl,,
,JavaScript,CSS,PHP,,,SQL,C#,,,,,
,JavaScript,CSS,,,,SQL,C#,,,,,
,,,,,,,,,,,,
,,,,,,,,C++,C,,,
Java,,,,,,SQL,,C++,C,,,"LabVIEW, VB.NET"
Java,JavaScript,,PHP,,,SQL,C#,,C,Perl,,Delphi
,,,,Python,Ruby,,C#,C++,C,,,
,,CSS,PHP,,,SQL,,,,,,
Java,JavaScript,CSS,PHP,,,SQL,,C++,,,,"UniQuery, UniBasic"
Java,JavaScript,CSS,,Python,,SQL,,,,,,
,,,,,,,C#,,,,,
,,,PHP,,Ruby,,,,,,,
,,CSS,PHP,Python,,SQL,,C++,C,,,MATLAb
,,,,,,SQL,C#,C++,C,,,
,JavaScript,CSS,PHP,,,SQL,C#,,,,,
Java,JavaScript,CSS,,,Ruby,SQL,,,,,,
,JavaScript,CSS,PHP,Python,,SQL,,,C,Perl,,
,,,,Python,,,,,,,,Prolog
Java,JavaScript,CSS,,,,SQL,C#,,C,Perl,,vb
,,,,,Ruby,SQL,,,C,Perl,,
,,,,,,SQL,,,,,,PL/SQL
Java,JavaScript,CSS,PHP,Python,,SQL,,C++,C,,,
,,,,Python,,SQL,,C++,,,,
,JavaScript,CSS,,Python,,SQL,C#,C++,,,,ActionScript
Java,JavaScript,CSS,PHP,,Ruby,,,,,,,
Java,,,,Python,,SQL,,C++,C,,,FORTRAN
,JavaScript,CSS,PHP,Python,,SQL,,,,,,
,JavaScript,CSS,PHP,,,SQL,,,,,,Delphi
,JavaScript,CSS,,Python,,,,,C,Perl,,Objective C
,,,,Python,,SQL,,,C,Perl,,
,JavaScript,CSS,,,,SQL,C#,,C,,,
,,,,,,,,,,,,actionscript 3
,,,,,,,,,,,,
,JavaScript,CSS,,Python,,SQL,C#,,,,,"F#, VB"
,,,,Python,Ruby,,,C++,C,,,
,JavaScript,CSS,PHP,,,SQL,C#,C++,C,,,
,,,,,,,C#,C++,C,,,
Java,,,,,,SQL,,C++,C,,,Scala
,,,,,,,,,,,,
,JavaScript,CSS,,,,SQL,C#,,,,,
Java,JavaScript,CSS,,Python,,SQL,C#,,,,,
,JavaScript,CSS,,Python,Ruby,,,,C,,,Objective-C
,,,,,,,,,,,,
,JavaScript,,,Python,,SQL,,,C,,,Objective-C
,JavaScript,CSS,,,,SQL,C#,,,,,"ActionScript, Flex"
,,,,,,,,,,,,"cobol, rexx, fortran, bash"
,JavaScript,CSS,PHP,,,SQL,,,,,,
,,,,,,SQL,C#,,,,,PowerShell
Java,JavaScript,CSS,PHP,,,SQL,,C++,C,,,
,JavaScript,CSS,PHP,,,SQL,,,C,,,
Java,,,,,,,,C++,C,,,"lua, objective-c"
,,,,,,SQL,C#,,,,,
Java,JavaScript,CSS,PHP,,,SQL,,C++,C,Perl,,"ccScript, shell,"
Java,JavaScript,CSS,,,,SQL,,,,,,"Objective-C, Ada"
Java,,,,,,,,,C,,,
,,,,Python,,SQL,C#,C++,,,,
,JavaScript,CSS,,,,SQL,C#,,,,,
,,,,Python,Ruby,,,,C,,,Brainfuck
Java,,,,,,,C#,C++,C,,,
,JavaScript,CSS,,,,,C#,,,,,visual basic
,,,,,,,,,,,,
,,,,,,,,,,,,
,,,,,,,,C++,C,,,
,,,,,,,,,,,,
,JavaScript,,,,,SQL,C#,,,,,
Java,JavaScript,CSS,PHP,Python,,,C#,,,,,
Java,JavaScript,CSS,,,,,C#,,,,,
,JavaScript,CSS,,,Ruby,SQL,C#,,,,,
Java,JavaScript,,,,,SQL,,C++,,Perl,,
,JavaScript,CSS,,,,,,,,Perl,,"Powershell, vbscript"
,JavaScript,CSS,,Python,,,C#,,,,,
,JavaScript,CSS,,,,SQL,,,,,,ColdFusion
Java,JavaScript,CSS,PHP,Python,,,,,,,,ActionScript
,JavaScript,CSS,,,,SQL,C#,,,,,"VB, HTML"
Java,JavaScript,CSS,,,,,,,,,,
,,,,,,,C#,,,,,
,,,,,,,,,,,,Visual Basic
,,,,,,SQL,C#,,,,,
Java,JavaScript,CSS,,,Ruby,SQL,,,,,,Objective-C
Java,JavaScript,CSS,PHP,,Ruby,SQL,C#,,C,,,
,,,,,,SQL,C#,,,,,
,JavaScript,CSS,,,,SQL,C#,,,,,
Java,,,,,,,,,,,,
,,,,,,,C#,,,,,
Java,,,,,,,,,,,,
,,,,,Ruby,,,,,,,"Delphi, XSLT, Prolog"
,JavaScript,CSS,PHP,,,SQL,C#,,,,,ColdFusion
,,,,,,,C#,C++,C,,,
Java,,CSS,,Python,Ruby,,,C++,,,,
,,,,,,SQL,C#,,,,,
Java,JavaScript,CSS,,,,,,,,,,
,,,PHP,,,SQL,,,,,,Visual Basic
,,,,,,,,,,Perl,,
Java,JavaScript,CSS,,,,SQL,,C++,C,Perl,,groovy
Java,,,,,,SQL,,C++,C,,,FORTRAN
Java,,,,,,,C#,C++,,,,
,,,,,,,,C++,C,,,Fortran
Java,JavaScript,CSS,,,,SQL,C#,,,,,
,JavaScript,CSS,,Python,,,C#,C++,C,,,
Java,,,,Python,,SQL,,,C,,,
,,,,,,,,,,,,
,JavaScript,CSS,,,,SQL,C#,,,,,
,,CSS,,,,,,C++,C,Perl,,
Java,JavaScript,CSS,,Python,,,,,,,,
,,CSS,,,,SQL,C#,,,,,VB.NET
,,,,,,,,,,,,
Java,,,,,,,C#,C++,,,,
,JavaScript,CSS,,,,SQL,C#,,,,,
Java,,,,Python,,SQL,,,,,,
,,CSS,,,,,C#,,,,,
Java,JavaScript,CSS,,Python,Ruby,SQL,,,,,,
,JavaScript,CSS,,,,SQL,,,,,,VB.NET
,,CSS,PHP,Python,,,,C++,C,,,
,,,,,,,,,,,,
Java,JavaScript,CSS,,,,SQL,C#,,,,,
,JavaScript,CSS,,,,SQL,C#,,,,,
Java,,,,,,SQL,,C++,C,,,
,,,,Python,,,,,C,,,
,JavaScript,CSS,,,,SQL,C#,,,,,
,JavaScript,CSS,,,,,C#,,,,,HTML
Java,,,,,,,C#,C++,,Perl,,
,,,,Python,,SQL,C#,C++,C,,,
,JavaScript,CSS,,,,SQL,C#,,,,,"ASP, Delphi"
,JavaScript,CSS,,,Ruby,SQL,C#,,,,,
Java,,,,,,,,,,,,
,,,PHP,,,SQL,C#,C++,C,,,
Java,JavaScript,CSS,PHP,,,SQL,,C++,C,,,
,,,,,,,,,,Perl,,
,,,,,,,,,,,,"VHDL, Verilog"
,JavaScript,,,,,,,,,Perl,,XPATH XSLT
Java,JavaScript,CSS,,,,SQL,,,,,,
,JavaScript,CSS,,,,SQL,C#,,,,,
,,,,,,,,C++,C,,,Delphi
Java,JavaScript,CSS,,Python,,SQL,,,,,,
,JavaScript,,PHP,,Ruby,,,,,,,
,JavaScript,,PHP,,,SQL,C#,,,,,VB.net
,JavaScript,CSS,,,,SQL,C#,,,,,English
Java,,,,,,,C#,C++,C,,,
Java,JavaScript,CSS,PHP,Python,,SQL,,,,,,
Java,,,,,,,,C++,,,,
,,,,,,,,,,,,
Java,,CSS,,,,SQL,,C++,C,,,"Object Pascal, Prolog"
,,,,,,,,,,,,
Java,JavaScript,CSS,,,,SQL,,,,,,
,,,,,,,,,,,,
,JavaScript,CSS,,Python,,SQL,C#,C++,C,,,
Java,,,,,,SQL,C#,,,,,
Java,,,,,,,,,,,,
,,,,,,,,,,,,ColdFusion
,JavaScript,CSS,PHP,,,SQL,,C++,C,Perl,,
,,,,,,SQL,,,,,,
Java,JavaScript,CSS,PHP,Python,Ruby,SQL,C#,C++,C,Perl,,
Java,JavaScript,CSS,PHP,,,SQL,C#,,,,,
,,,,,,,,,,,,
Java,JavaScript,CSS,PHP,Python,,SQL,C#,C++,C,,,
,,CSS,PHP,,,,C#,,,,,
,,,,,,,C#,,,,,
,JavaScript,CSS,PHP,,,SQL,C#,,,,,vb.net
Java,,,PHP,Python,Ruby,,C#,C++,C,,,
,JavaScript,CSS,PHP,,,SQL,,,,,,
,,,PHP,,,SQL,C#,,,,,Delphi
,,,,,,,,C++,,,,
,JavaScript,CSS,,,,SQL,C#,,,,,VB.NET
,JavaScript,CSS,PHP,Python,,,,,,,,
,,,,Python,,SQL,C#,,C,,,
Java,JavaScript,CSS,,,Ruby,SQL,C#,,C,,,CSS is not a programming language.
Java,,,,,,SQL,,,,Perl,,
,JavaScript,CSS,,,,,C#,,,,,
,JavaScript,,PHP,Python,,SQL,C#,,,Perl,,
,,,,,,,C#,,,,,
,,,,,Ruby,,C#,,,,,
,,,,Python,,,,C++,,,,
,,,,,,,,,,Perl,,PowerShell
,,,,,,,,,,,,
,JavaScript,CSS,,,,SQL,C#,,,,,
Java,JavaScript,CSS,PHP,,,SQL,C#,C++,C,,,
,,,,,,,C#,,,,,Delphi
,JavaScript,CSS,PHP,,,SQL,,,,,,
,,,PHP,,,,C#,,,,,
Java,JavaScript,CSS,PHP,Python,,SQL,,,,,,
,,,,,,,C#,,,,,
,JavaScript,CSS,,,Ruby,SQL,C#,,,,,VB (why the fuck was this not a choice? C# snobs?)
,JavaScript,CSS,,,,SQL,C#,,,,,
,JavaScript,CSS,,,,,C#,C++,,,,
Java,,,,,,SQL,,,,,,VB6
,JavaScript,CSS,,,,SQL,C#,,,,,
Java,,,,,,,,C++,C,,,
Java,JavaScript,,,,Ruby,,,,,,,Scala
,JavaScript,CSS,,,,SQL,C#,,,,,
Java,,CSS,PHP,Python,,SQL,,,C,Perl,,
,,,,,,,,,,,,
,,,,,,,,C++,C,,,
Java,JavaScript,,,Python,,SQL,C#,,,,,
,JavaScript,CSS,,,,SQL,C#,C++,,,,
Java,,,,Python,,,,C++,,,,
,JavaScript,CSS,PHP,,,SQL,C#,,,,,
,JavaScript,CSS,,,,SQL,C#,,,,,
Java,,,,,Ruby,,,C++,,,,lisp
,JavaScript,CSS,PHP,,Ruby,SQL,,,,,,
Java,,,PHP,,,SQL,C#,,C,,,
,JavaScript,,,,,SQL,C#,,,,,VB.Net
,JavaScript,CSS,PHP,Python,,SQL,C#,,,,,
,,,,,,SQL,C#,,,,,Delphi
,JavaScript,CSS,,,,SQL,C#,,C,,,Wasabi
Java,JavaScript,CSS,PHP,,,SQL,,C++,C,Perl,,Lisp
,JavaScript,CSS,,,,SQL,C#,,,,,
,,CSS,PHP,Python,,SQL,,C++,C,Perl,,
Java,,,,Python,,,,C++,C,,,
,,,,,,,C#,,,,,
,JavaScript,CSS,,Python,Ruby,SQL,C#,,,,,
,JavaScript,CSS,PHP,,Ruby,SQL,,,,,,
Java,JavaScript,CSS,PHP,,Ruby,SQL,,C++,C,,,
Java,JavaScript,,,Python,,,C#,,,,,"VB.Net, F#"
Java,JavaScript,CSS,PHP,,,SQL,,,,Perl,,
,JavaScript,CSS,,,,SQL,C#,,,,,
Java,,,,,,,,C++,,,,
,JavaScript,CSS,,,,,C#,,,,,
,,,,,,,C#,,,,,PowerShell
,JavaScript,CSS,PHP,,,SQL,C#,,,,,
,JavaScript,CSS,,,,SQL,C#,,,,,
,JavaScript,CSS,,,,SQL,C#,,,,,
,JavaScript,CSS,,,,SQL,C#,,,,,
,,,,,,,,,,Perl,,
,JavaScript,CSS,PHP,,,SQL,C#,,,,,
,,CSS,,,,SQL,C#,,,,,
,,,,,,SQL,C#,C++,,,,
Java,JavaScript,,,,,SQL,C#,,,,,LabVIEW
Java,,,,,,,C#,,,,,
Java,JavaScript,,,Python,,,,C++,C,,,
,JavaScript,CSS,,,,SQL,C#,,,,,
Java,,,,,,,,,C,,,
,,,,Python,,,C#,,,,,
,JavaScript,CSS,,,,SQL,C#,C++,C,,,
,,CSS,,,,SQL,C#,,,,,
,JavaScript,CSS,,Python,,,,C++,C,,,
,JavaScript,CSS,,,,SQL,C#,,,,,
Java,,,,,,SQL,,,,,,
,JavaScript,CSS,,,,SQL,C#,,,,,
Java,JavaScript,CSS,,,Ruby,SQL,,,,Perl,,
,JavaScript,,,,,SQL,C#,,,,,
,,,,,Ruby,SQL,C#,,,,,Delphi
,,,,,,,,,,,,delphi
Java,,CSS,,Python,Ruby,SQL,,,C,,,
Java,JavaScript,CSS,PHP,,Ruby,SQL,,,C,Perl,,
,JavaScript,CSS,PHP,Python,,SQL,C#,,C,,,
,,,,,,,,,,,,
Java,JavaScript,,PHP,Python,,SQL,C#,C++,C,,,
,,,,,,,,,,,,
,,,,,,SQL,,,C,Perl,,Shell
,,,,,,,,C++,C,Perl,,
,,,,,,SQL,C#,C++,C,Perl,,
,JavaScript,,,,,SQL,C#,,,,,
,,,,,,SQL,C#,,,,,
,JavaScript,,,,,,C#,,,,,
Java,,,,,Ruby,SQL,C#,C++,C,,,
,,,,,,,,,,,,
,,,,,,,,,,,,
Java,,,,,,SQL,,C++,,,,
,,,,,,,,,,,,VB .NET
,JavaScript,,,,,SQL,C#,C++,C,,,
,,,,,,,C#,C++,C,Perl,,
,JavaScript,CSS,PHP,,,SQL,C#,,,,,
,JavaScript,CSS,PHP,Python,Ruby,SQL,,C++,,,,
,,,,,,SQL,C#,,,,,
,JavaScript,CSS,PHP,,,SQL,C#,,,,,
Java,,,,,,SQL,,C++,,,,
Java,JavaScript,CSS,PHP,,,SQL,,,,Perl,,
Java,JavaScript,,,,,SQL,,C++,C,Perl,,
,,,,,,,,,C,Perl,,
Java,,,,Python,,,,C++,C,,,
Java,,,,,,SQL,C#,,,,,
,,,,,,SQL,C#,,,,,
,,,,Python,,,,C++,C,,,
Java,JavaScript,CSS,PHP,,,SQL,,,,,,
,,,,,,,,,,,,
,JavaScript,CSS,PHP,,Ruby,SQL,,,,,,
Java,JavaScript,CSS,,,,SQL,,,,,,
Java,JavaScript,CSS,PHP,Python,Ruby,SQL,C#,C++,C,Perl,,
,,,,,,,,,,,,
,,,,,,,,C++,C,,,objective-c
,JavaScript,CSS,,,,SQL,C#,,,,,
Java,,,,,,SQL,C#,C++,,,,
,,,,,Ruby,,C#,,,,,
,,,,,,SQL,,,,,,Delphi
Java,,,,,,,C#,C++,C,,,ActionScript
,JavaScript,,,,,SQL,C#,,,,,
Java,JavaScript,CSS,,,,SQL,C#,,,,,
,,,,,,SQL,C#,,,,,
,JavaScript,CSS,PHP,,,,,,,Perl,,
,,,,,,,C#,,,,,"VB.NET, VB6"
Java,JavaScript,CSS,,Python,Ruby,SQL,C#,C++,C,,,"Scheme, VB.Net, VB, VBA, VBScript, PowerShell, F#"
,,,,,,SQL,C#,,,,,
,JavaScript,CSS,,,,SQL,C#,,,,,
,JavaScript,CSS,,,,SQL,C#,,,,,
,JavaScript,,,,,,C#,,,,,
,,,,,,,,,,,,
,,,,,,SQL,C#,,,,,
,JavaScript,CSS,,Python,,SQL,,C++,,,,
,JavaScript,CSS,,,,SQL,C#,,,,,
,JavaScript,CSS,,,,SQL,C#,,,,,
Java,,,,,,,,,,,,Scala
,,,,,Ruby,,C#,,,,,
,JavaScript,,,,,,C#,C++,C,,,
Java,JavaScript,,,,,SQL,,,,,,
,,,,Python,Ruby,SQL,,,C,,,"IDL, MatLab, NumPy"
Java,JavaScript,CSS,,,,SQL,C#,,,,,
Java,,CSS,,,,SQL,C#,C++,C,,,
Java,,,PHP,Python,,,,C++,C,,,
,,,,,,SQL,,,C,,,VB.
,JavaScript,CSS,PHP,Python,,,,,C,,,Objective-C
,,,PHP,,,SQL,C#,,C,Perl,,
Java,,,,Python,,,,,C,,,
,JavaScript,CSS,,,,SQL,C#,,,Perl,,
,JavaScript,CSS,PHP,Python,,SQL,,,,,,
,,,,,,SQL,C#,,,,,
Java,JavaScript,CSS,,,,,C#,,,,,VB
Java,,,,,,SQL,,C++,,,,
,JavaScript,CSS,,Python,,SQL,C#,,,,,
Java,JavaScript,CSS,,,,SQL,C#,C++,C,Perl,,
,,,,,,,,,,,,Delphi
,,,,,,,,,C,,,
Java,JavaScript,CSS,,Python,Ruby,SQL,,C++,,,,
,JavaScript,CSS,PHP,,,SQL,,,,,,
,,,,,,,,C++,,,,
,JavaScript,CSS,,,,SQL,C#,,,,,
Java,,,,Python,,,,,,,,
,,,,,,SQL,,,,,,
,,,,,,,,,C,Perl,,
,JavaScript,CSS,,,,SQL,C#,,,,,
Java,JavaScript,CSS,,,,SQL,,,,,,
Java,,,,Python,,,C#,,,,,
Java,,,,,,,C#,C++,,,,
,,,,,,,,,,,,
Java,JavaScript,CSS,,Python,,SQL,,,,,,
,,,,Python,,,,C++,C,Perl,,
,JavaScript,CSS,,,,SQL,C#,,,,,
,,,,,,SQL,,,,,,VB.Net
,,,,,,,C#,C++,C,,,"SAS Datastep, JMP Scripting Language"
,JavaScript,CSS,,Python,,SQL,,C++,C,,,
Java,,,,Python,,SQL,C#,,,,,Delphi
,JavaScript,CSS,,,,SQL,C#,,,,,
,,,PHP,,,SQL,,,,,,
Java,JavaScript,,,,,,,,,,,
Java,,CSS,PHP,Python,,,,,,,,Haskell
Java,JavaScript,,PHP,,Ruby,SQL,,,,,,
,,,,,,,,,,,,
,,,,,,SQL,,,,,,
,,,,,,,,,C,,,Objective-C
Java,JavaScript,CSS,,,,SQL,,,,,,Groovy
Java,JavaScript,CSS,PHP,Python,,SQL,C#,,C,,,Befunge
,,,,Python,,SQL,C#,,,,,
,,,,Python,,,,,C,,,
Java,,,,,,,C#,,,,,
,JavaScript,CSS,,,,SQL,,,,,,VB
Java,,,,,,SQL,C#,,,,,
,,,,Python,,,,,,,,
,,,,,,SQL,C#,,,,,Silverlight
,,,,,,,C#,C++,C,,,
,,,,,,SQL,C#,C++,C,,,Assembly
Java,,,,,,,C#,C++,C,,,Groovy
,,,,,,SQL,C#,,,Perl,,
,JavaScript,CSS,PHP,,,SQL,,,,,,Objective-C
,,CSS,PHP,,,,,,,,,AutoIt
,,,,,,,C#,,,,,VB 6
,JavaScript,CSS,,,,SQL,C#,,,,,
Java,,,,,,SQL,,,,,,
Java,,,,,Ruby,,,C++,C,,,Lisp
,JavaScript,CSS,,,,,,C++,C,,,
,,,,,,,C#,,,,,
Java,,CSS,,,,SQL,,,,,,Groovy
,,,,,,,,,,,,
,,,,,,,,,,,,
Java,,,,Python,,SQL,C#,,,,,
Java,,CSS,PHP,Python,Ruby,SQL,,,,,,
,,,,Python,,,C#,C++,C,,,
,,,,,,,,,,,,
,,,,,,,,,,,,
,JavaScript,CSS,,,Ruby,SQL,C#,,,,,
,,,,,,,,,,,,
,,,,,,,,,,,,
,,,,,,,,,,,,rexx
,,,,,,,,,,,,
Java,,,PHP,,,SQL,,C++,C,,,
,,,,,,SQL,C#,C++,C,,,
Java,,CSS,,,,,,,,,,
,,,,,,,,,,,,
,,,,,,,,,C,,,
,,,,,,,C#,,,,,"Smalltalk, VBScript"
,,,,,,SQL,C#,C++,C,,,
,JavaScript,CSS,,,,SQL,C#,,,,,
,JavaScript,CSS,,,,SQL,C#,,,,,
Java,JavaScript,CSS,,,,SQL,C#,C++,,,,
Java,JavaScript,CSS,,,,SQL,,,,Perl,,
,,,,,,,,,C,Perl,,
,JavaScript,CSS,,,Ruby,,,,,,,Objective-C
,JavaScript,,,,,,C#,C++,,Perl,,
,JavaScript,,,,,SQL,C#,,,,,
Java,,CSS,,,,SQL,C#,,,,,
Java,,,,,,SQL,C#,C++,C,,,
,JavaScript,CSS,PHP,,,SQL,C#,,,,,
,JavaScript,,,,,SQL,C#,,,,,VB.NET and proud of it
Java,JavaScript,CSS,PHP,,,SQL,,C++,C,Perl,,coldfusion
,JavaScript,CSS,PHP,,,SQL,,,,Perl,,Delphi
,,,PHP,,,,,,,,,
,,,,,,,,,,,,
,JavaScript,CSS,,,,SQL,C#,C++,C,,,VB
,,CSS,,,,SQL,C#,,,,,
Java,,CSS,PHP,Python,,SQL,,C++,C,,,
Java,JavaScript,CSS,PHP,Python,,SQL,C#,C++,C,,,
Java,JavaScript,CSS,PHP,Python,,SQL,,C++,C,Perl,,
Java,,,,,,,C#,,C,,,COBOL
,,,,Python,,SQL,C#,,,,,
Java,,,,,,,,C++,C,Perl,,
Java,JavaScript,,,,Ruby,,,C++,,,,
Java,,,,Python,Ruby,,,C++,C,,,
Java,,,,,,,C#,C++,C,Perl,,
Java,,,PHP,,,SQL,C#,,,,,
,,,,,,,,,,,,VB.NET
,JavaScript,CSS,PHP,,,SQL,C#,,,,,
Java,,,,,,,C#,C++,C,,,
Java,,,,,,,,,,,,
,JavaScript,CSS,PHP,,,,,,,,,
,JavaScript,CSS,PHP,,,SQL,C#,,,,,
,JavaScript,CSS,,,,SQL,C#,,,,,
,JavaScript,CSS,,,,SQL,C#,,,,,
,,,,,,SQL,,,C,Perl,,VB
,,,,,,,C#,C++,C,,,
,,CSS,PHP,,,,C#,,,,,VB.NET
,JavaScript,CSS,,Python,,,,,,,,HTML
,,,,,,SQL,,,,,,VB
,JavaScript,CSS,,Python,,SQL,C#,,C,,,
,JavaScript,CSS,,,Ruby,SQL,C#,,,,,
,JavaScript,,,,,SQL,C#,,,,,
,,,,,,,,,,,,
,JavaScript,CSS,,,,SQL,C#,C++,C,,,
,JavaScript,CSS,PHP,,,SQL,C#,,,,,
Java,,,,Python,,SQL,C#,,,,,gosu
,,,,,,SQL,C#,,,,,
,JavaScript,CSS,PHP,,,SQL,C#,,,,,"VB .NET, ActionScript"
Java,,,,,,,C#,C++,,,,
,JavaScript,CSS,,,,SQL,C#,,,,,
,,,,Python,,,,,,,,Haskell
,,,,,,SQL,,,,,,
Java,JavaScript,CSS,,,,SQL,,,C,Perl,,Scala
,,CSS,,,,SQL,C#,,,,,vb.net
,,,,,,SQL,C#,,,,,
,JavaScript,CSS,,,,,C#,,,,,
,,,,,,SQL,C#,,,,,
,JavaScript,CSS,PHP,,,,,,,,,
,JavaScript,CSS,PHP,,,SQL,C#,,,,,
,,,PHP,,,SQL,,,,,,"Delphi, LabVIEW"
,JavaScript,CSS,,,,SQL,C#,,,,,
Java,,,,,,,C#,C++,C,,,
,,,,,,,,C++,,Perl,,
,JavaScript,CSS,,,,SQL,,,,,,ColdFusion
Java,JavaScript,CSS,,Python,,SQL,C#,C++,C,,,
Java,JavaScript,CSS,PHP,,,SQL,,C++,C,,,
,,,,Python,,,,,C,,,Haskell
,JavaScript,,PHP,,,,,,,,,Objective-C
,,,,Python,,,,C++,C,,,
,,,,,,SQL,C#,,,,,
,,CSS,,Python,,,,,C,,,
Java,JavaScript,,,Python,,SQL,,,C,,,
,,,,,,,C#,C++,,,,
,,,,Python,,,C#,C++,C,,,
,,CSS,PHP,,,SQL,,,,,,JavaScript
,JavaScript,CSS,,,,SQL,,,,,,"VB, COBOL"
,,,,,,SQL,C#,,,,,
Java,,,,,,,,C++,C,,,
,JavaScript,CSS,,,,SQL,C#,,,,,
Java,,,,Python,,SQL,,,,Perl,,
,JavaScript,CSS,PHP,,,,,,,,,
,,,,,,,,,,,,
,JavaScript,,,,,SQL,,C++,C,Perl,,lua
Java,,CSS,,,,SQL,C#,C++,,,,
,,,,,,SQL,C#,C++,,,,
Java,JavaScript,CSS,PHP,Python,Ruby,SQL,,C++,C,Perl,,bash tcl objective-c
Java,JavaScript,CSS,,,,SQL,,,,,,
,JavaScript,,,,,SQL,C#,,,,,
Java,JavaScript,CSS,,Python,,SQL,C#,,,,,
,,CSS,PHP,Python,,,,,C,,,awk
Java,JavaScript,CSS,,,Ruby,SQL,,,,,,Objective-C
Java,,,,,,,C#,,,,,
Java,,,PHP,,,,,,,,,
,,CSS,,,,SQL,,C++,C,,,
,,,,Python,,,,C++,C,,,
,JavaScript,CSS,PHP,,,,,,,,,
,,,,,,SQL,C#,,,,,
,,CSS,,,,SQL,C#,,,,,FoxPro
,JavaScript,,,,Ruby,,,,,,,
,JavaScript,CSS,,Python,,,,,,,,
Java,JavaScript,CSS,,,,SQL,,,,,,
,,,,,,,C#,,,,,
,,,,,,,,,,,,
,JavaScript,CSS,PHP,,,SQL,,,,Perl,,
,JavaScript,,,,,,C#,C++,,Perl,,Fortran
,,CSS,PHP,Python,,SQL,,,C,,,
,JavaScript,CSS,,,,SQL,C#,,,,,
,JavaScript,CSS,,,,SQL,C#,,,,,
,JavaScript,,,,,SQL,C#,,,,,
Java,,,,,,,,C++,C,,,
Java,JavaScript,CSS,PHP,Python,,SQL,C#,C++,C,,,
,,CSS,,,,SQL,C#,,,,,
,,,,,,SQL,C#,,,,,
,JavaScript,,,,,SQL,C#,,,,,
Java,JavaScript,CSS,PHP,,,,C#,,,,,
,JavaScript,CSS,,,,SQL,C#,,,,,"XML, ActionScript"
,,,,Python,,SQL,,C++,,,,
,JavaScript,CSS,PHP,,,SQL,C#,,,,,
Java,JavaScript,CSS,PHP,,,,,,,,,
,JavaScript,,,Python,,,,,C,,,Objective-C
Java,,CSS,PHP,,,,C#,,,,,
,,,,,,,,,,,,
Java,,,,,,SQL,C#,,,,,
,,,,,,,,C++,C,,,Tcl
Java,,,,Python,,SQL,,,,,,
Java,,,,Python,,SQL,,,,,,
,JavaScript,CSS,PHP,,,SQL,C#,C++,C,,,Objective C
Java,JavaScript,CSS,,,Ruby,SQL,,,,,,
,JavaScript,,,,,SQL,C#,,,,,
,,,PHP,,Ruby,,C#,C++,C,,,
,JavaScript,CSS,,Python,Ruby,,C#,,C,,,
,JavaScript,CSS,,,,SQL,C#,,,,,"RPG, LANSA"
Java,,,,Python,,,,C++,,,,
,JavaScript,CSS,,Python,Ruby,SQL,,C++,C,,,
,,,,,,SQL,C#,C++,C,,,
Java,JavaScript,CSS,,,Ruby,SQL,,,,,,
,JavaScript,CSS,PHP,Python,,SQL,,,,,,
,JavaScript,CSS,,,,SQL,C#,,C,,,
Java,,,PHP,,,SQL,C#,,,,,
,JavaScript,,,,,,C#,,,,,vb.net
Java,JavaScript,,,,,,,,C,Perl,,
,,CSS,,Python,,SQL,C#,,,,,"XML, XSLT"
,,,,,Ruby,,C#,,,,,
,,,,,,,,,,,,
Java,,CSS,PHP,,,SQL,,,,Perl,,
Java,JavaScript,CSS,,,,SQL,C#,,,,,Delphi
,,CSS,,Python,,SQL,C#,,,,,
Java,,,,,,,C#,,,,,
Java,,,,Python,,SQL,,C++,C,,,
Java,JavaScript,CSS,,Python,,SQL,,,,,,
Java,,,,Python,Ruby,,,,,Perl,,
,,,,Python,Ruby,,,,C,Perl,,z/Assembler
,JavaScript,CSS,,,,SQL,C#,,,,,
,JavaScript,CSS,,,,SQL,C#,,C,,,
,JavaScript,CSS,,,,SQL,C#,,,,,
Java,JavaScript,,,Python,Ruby,,,,,,,
,,,,,,,,,C,,,Object Pascal (Delphi)
,JavaScript,CSS,PHP,,,SQL,C#,,,Perl,,
,,,PHP,,,,C#,,,,,
Java,JavaScript,CSS,,Python,,SQL,C#,C++,C,Perl,,
Java,,,PHP,,,SQL,,,,,,
Java,,,,,,SQL,C#,,,,,
,,,,,,,,,,,None,
,,CSS,PHP,,Ruby,SQL,C#,,,,,
Java,JavaScript,,,,,,C#,C++,C,,,"Delphi, bash"
,JavaScript,,,,,,C#,,,,,
Java,,,,,,,,,,,,Bash
,,,,Python,,,,C++,,,,
,,,,,,SQL,,,,,,
,,,,,,,C#,,,,,
,JavaScript,CSS,,,,SQL,C#,,,,,
,,,,,,,,,,,,
,JavaScript,CSS,,,,SQL,C#,,,,,
,,,,,,SQL,C#,,,,,
,JavaScript,CSS,,,,SQL,C#,,,,,
,,,,Python,,,,,C,,,R
,JavaScript,CSS,,,,,,C++,C,,,
,JavaScript,CSS,,,,SQL,C#,,,,,
,JavaScript,,,,,,C#,,C,,,
,,,,,,,,,C,,,Assembler
,,,,,,SQL,,,,,,
,,,,,,,C#,C++,,,,
Java,,,,,,,,,,,,ColdFusion
,,CSS,,,,SQL,C#,,,,,
,JavaScript,CSS,,Python,,,,,,,,
Java,JavaScript,,,,,,,C++,,,,
Java,JavaScript,CSS,,Python,,SQL,,,,,,
,JavaScript,CSS,,Python,Ruby,SQL,C#,,C,,,
,JavaScript,CSS,,,Ruby,SQL,,,,,,
Java,JavaScript,CSS,,Python,Ruby,SQL,C#,,,,,
Java,JavaScript,CSS,PHP,,,SQL,C#,,,,,
,,,,,,,,,,,,
,JavaScript,CSS,,,,SQL,C#,,,,,
Java,JavaScript,CSS,PHP,,,SQL,,,C,,,
,,,,,,,,,,,,
,,,,Python,Ruby,,,C++,C,,,shel scripting
,,,,,,,C#,C++,,,,"Assembly, Delphi"
,,,,,,SQL,C#,C++,C,,,
,JavaScript,,,Python,,,C#,,,,,
,JavaScript,CSS,PHP,Python,,SQL,,,,,,
,JavaScript,,,,,SQL,C#,,,,,
Java,JavaScript,CSS,,Python,,SQL,,,,Perl,,
,,,PHP,,,,C#,,,,,
Java,JavaScript,CSS,PHP,,,,,C++,C,,,
,,CSS,,Python,,,C#,,,,,
Java,JavaScript,CSS,PHP,,,SQL,,,,,,KRL
,,,,,,,,,,,,Delphi
Java,,,,,,,C#,,,,,
,JavaScript,CSS,,,,SQL,,,C,Perl,,
Java,,,,,,SQL,C#,,,,,
,,,,,,,,,,,,
,JavaScript,CSS,PHP,,,SQL,,,,,,
Java,,CSS,PHP,Python,,SQL,,C++,,Perl,,
,,,,Python,,,,C++,,,,R
,JavaScript,CSS,,,Ruby,SQL,C#,,,,,
,JavaScript,,,,,,,C++,C,,,R
Java,,CSS,PHP,,,SQL,C#,,,,,
Java,,CSS,,,,SQL,,C++,,,,
,,,,Python,,,,C++,C,,,
,,,,,,SQL,C#,,,,,
Java,JavaScript,CSS,,Python,,SQL,,,,,,
Java,JavaScript,CSS,,,Ruby,SQL,,,,,,
,JavaScript,CSS,,,,,C#,C++,,,,
,JavaScript,CSS,PHP,,,SQL,,,,,,
,,,,,,,C#,C++,,,,
,,,,,,SQL,C#,,,,,
,,,,,,,,,,,None,
,,CSS,PHP,,,SQL,C#,C++,C,Perl,,
,,CSS,PHP,,,,,,,,,HTML
Java,JavaScript,CSS,,,,,C#,C++,,,,
,JavaScript,CSS,,Python,,SQL,,C++,,,,
,JavaScript,CSS,PHP,,,,,,,,,
Java,JavaScript,CSS,PHP,,,SQL,,,,,,
Java,JavaScript,CSS,,,,SQL,,,C,,,
,JavaScript,CSS,PHP,,,SQL,,,,,,
,JavaScript,CSS,,,,SQL,C#,,,,,vb.net
,JavaScript,CSS,,,,SQL,C#,,C,,,
Java,JavaScript,CSS,PHP,,,SQL,,,,,,
Java,,CSS,PHP,,,SQL,C#,,,,,
,JavaScript,CSS,PHP,,Ruby,SQL,,C++,C,Perl,,
Java,JavaScript,CSS,PHP,Python,,SQL,,,C,Perl,,Haskell
Java,JavaScript,CSS,PHP,Python,,SQL,C#,,C,Perl,,
,JavaScript,,PHP,Python,,SQL,C#,,,,,
,,,,,,,,C++,,,,
,,,,,,,C#,C++,C,,,
,JavaScript,CSS,PHP,Python,,SQL,,,,,,Classic ASP
,JavaScript,CSS,PHP,,,SQL,C#,C++,C,Perl,,
Java,JavaScript,CSS,PHP,,,SQL,C#,C++,,Perl,,
,JavaScript,CSS,,Python,,SQL,C#,C++,C,,,F#
,JavaScript,CSS,PHP,Python,,SQL,,,,,,
,,,PHP,Python,,SQL,,,,,,
,,,,,,SQL,C#,,,Perl,,vb
,,,,Python,,,,C++,,,,Matlab
Java,,,,,,SQL,,,C,Perl,,Objective-C
,,,,,,SQL,C#,,,,,
,JavaScript,CSS,,,,SQL,C#,,,,,
,JavaScript,CSS,,,Ruby,,,,,,,
,,,,,,SQL,C#,,,,,
,,,,,,SQL,C#,C++,,,,
Java,JavaScript,CSS,PHP,Python,,SQL,,,,,,
Java,,,,,,SQL,C#,,,,,
,,,,,,SQL,C#,C++,,,,
Java,JavaScript,CSS,,Python,,,,C++,C,,,
Java,,,,,,SQL,C#,,,,,
,JavaScript,CSS,,,,SQL,C#,,C,,,
,,,,,,,C#,,C,,,
,JavaScript,,PHP,Python,,,,,,,,ColdFusion
,,,,,,,,,,,,
,JavaScript,CSS,PHP,,,SQL,C#,,,,,
,,CSS,,,,SQL,C#,C++,C,,,PL/SQL
Java,,,,,,,,,,,,
,JavaScript,CSS,PHP,,,SQL,,,,,,
,JavaScript,,,Python,,,C#,,,,,
,,,,,,,,,,,,Delphi
Java,JavaScript,CSS,,,,SQL,C#,,,,,
Java,JavaScript,CSS,,Python,,SQL,C#,,,,,
,,,,,,SQL,C#,C++,,,,
,,,,,,SQL,C#,,,,,
,,,,Python,,,,,,,,
,,,,,,,,,,,,
Java,JavaScript,CSS,PHP,,,SQL,,,,,,
,,,,,,SQL,C#,C++,C,,,J
,,,,,,,,C++,C,,,"MATLAB, IDL"
,JavaScript,CSS,PHP,,,,,,,,,HTML
,,,,,,,,,,,,
,,,,,,,,,,,,
,JavaScript,CSS,,,,,,,,,,
,JavaScript,CSS,,,,SQL,C#,,,,,
,,,,Python,,,,C++,C,,,
,,,,Python,,,C#,C++,C,,,
,,,,,,,,,,,,
,JavaScript,CSS,PHP,,,SQL,C#,C++,C,,,
,,,,,,,,,C,,,Obj-c
,,,PHP,,,SQL,,,C,,,objective-c
,,,,Python,,,,,,,,
,,,,,,,,,,,,
,,,,,,,,,,,,Java
,JavaScript,CSS,PHP,,,,,,,,,
,JavaScript,CSS,PHP,,,SQL,C#,C++,,,,VB.Net
,JavaScript,CSS,,,,SQL,C#,,,,,
,,,PHP,,,SQL,,,,,,
,,,,,,,C#,,C,,,
,JavaScript,CSS,PHP,Python,,SQL,C#,,,,,"VB.NET, Vala, Java"
,,,,,,,,,,,,
,,,,,,SQL,C#,C++,,,,
,,,,,,,,,,,,
,JavaScript,,PHP,Python,,SQL,,,C,Perl,,Klingon
,,,,,,SQL,C#,,,,,
,,,,,,SQL,,C++,,Perl,,
,JavaScript,CSS,PHP,,,SQL,,,,,,
,,,,,,,,,,,,
,,,,,,,,,,,,
,,,,,,,,,C,,,lua
,JavaScript,CSS,,,,SQL,C#,,,,,
,JavaScript,CSS,,,,SQL,C#,,,,,
,,,,,,,,,,,,
,,,,,,SQL,,C++,C,Perl,,
,JavaScript,CSS,PHP,,,SQL,,,,,,
,JavaScript,CSS,,Python,,,C#,C++,,,,"Java, Prolog"
,,,,,,,C#,,,,,java
,,CSS,,,Ruby,SQL,C#,,,,,
,,,,,,,,,,,,
,JavaScript,CSS,PHP,,,,,,,,,
,,,,,,SQL,C#,,C,,,"java, latex, powershell, asp.net"
,JavaScript,CSS,,,,SQL,C#,C++,C,,,
,,CSS,PHP,,,SQL,,C++,C,,,Delphi
,JavaScript,CSS,,Python,,SQL,,,C,,,
,,,,,,,,,,,None,
,,,,,,,,,,,,
,,,,,,SQL,,,,,,VB
,,,,,,SQL,C#,,,,,
,,,,,,,,,,,,
,JavaScript,CSS,PHP,,Ruby,SQL,C#,,,,,
,JavaScript,CSS,PHP,,Ruby,SQL,,,,,,
,JavaScript,,,,,,C#,,C,,,
,,CSS,PHP,,,SQL,,,,,,Objective-C
,JavaScript,CSS,PHP,,,,C#,,,,,
,,,PHP,Python,,,,,C,,,Java
,,,,,,,,,,,,
,,,,,,,,,,,,
,JavaScript,CSS,PHP,,,SQL,,,,Perl,,"Turbo Pascal 5.5 (no, seriously)"
,JavaScript,CSS,PHP,,,SQL,,,,,,
,JavaScript,CSS,PHP,,,SQL,,,,,,
,JavaScript,CSS,,,,SQL,C#,,,Perl,,
,JavaScript,CSS,PHP,,,SQL,,C++,C,,,
,,,,,,SQL,C#,,,Perl,,
,,,,,,,,,,,,
,,,,,,,,,,,,
,JavaScript,CSS,PHP,,,SQL,C#,,,,,VB
,JavaScript,CSS,,,,,C#,,,,,
,JavaScript,CSS,PHP,,,SQL,,,,,,
,,,,,,,,,,,,
,,CSS,,,,SQL,,,,,,"Java, XSLT, Visual Basic .NET"
,JavaScript,CSS,PHP,Python,,SQL,,,,,,
,,,,,,,,,C,,,Java
,JavaScript,,,,,,,,,,,
,JavaScript,CSS,,,,,,,,,,
,,,,,,,,,,,,
,JavaScript,,,,,,,,C,,,
,,,,,,,,,,,,
,JavaScript,CSS,PHP,Python,Ruby,SQL,C#,,,,,
,,,,,,,,,,,,Java
,,,,,,,,,,,,
,,,,,,,,,,,,
,JavaScript,CSS,,Python,,SQL,C#,C++,C,,,
,,,,,,,,,,,,
,,,,,,,C#,,,,,
,,,,,,,,,,,,
,JavaScript,CSS,PHP,,,SQL,,,,,,
,JavaScript,CSS,PHP,Python,,SQL,,,,,,
,JavaScript,CSS,,Python,,SQL,,C++,,,,
,,,,,,,C#,,,,,
,JavaScript,CSS,PHP,,,,,C++,,,,Haskell
,,,,,,,C#,,,,,
,,,,,,,,,C,,,python
,,,,Python,Ruby,SQL,,,,Perl,,
,,CSS,PHP,,,SQL,,,C,Perl,,
,,,,Python,,,C#,C++,,,,
,JavaScript,CSS,,,,SQL,C#,C++,C,,,
,JavaScript,CSS,,,,SQL,C#,,,,,
,,,,,,,,C++,,,,
,,,,,,,,,,,,
,,,,,,,,,,,,
,JavaScript,,,,Ruby,SQL,,,,,,JAVA
,,,,,,,C#,,,,,
,,,,,,,,,,,,
,,,,,,SQL,C#,C++,,,,
,JavaScript,CSS,PHP,,,SQL,,,,,,
,JavaScript,CSS,PHP,,,SQL,,,,,,php
,JavaScript,CSS,,Python,Ruby,SQL,,,,,,"Java, AS1-3, Flex"
,JavaScript,CSS,PHP,,,SQL,,,,,,Flash
,JavaScript,CSS,PHP,,,SQL,,,,,,
,,,,,,,,,,,,
,JavaScript,CSS,PHP,,,SQL,C#,C++,C,,,
,,CSS,PHP,Python,,,,,C,,,
,,,,,,,,,,,,
,JavaScript,CSS,,Python,,,,,C,,,Objective-C
,,,,Python,,SQL,C#,,,,,
,,,,,,,,,C,,,Objective-C
,JavaScript,CSS,,,,SQL,C#,C++,C,,,
,JavaScript,,PHP,,,SQL,,C++,,,,Objective-C
,,CSS,,,,SQL,C#,,,,,
,,,,,,,,,,,,
,,,,,,,C#,C++,,,,Java
,,,,,,,C#,,,,,Java
,,,,,,,,,,,None,
,JavaScript,CSS,PHP,,,SQL,C#,,,,,Java
,JavaScript,CSS,PHP,,,SQL,C#,C++,,,,Java
,JavaScript,CSS,PHP,Python,,SQL,,,,,,
,JavaScript,CSS,,,,SQL,C#,,,,,
,JavaScript,CSS,,,,SQL,C#,,,,,
,,,,,,,,,,,,
,,,,Python,,,,C++,C,,,
,JavaScript,CSS,,,,,,,,,,Java
,,,,,,,,C++,,,,"Java, Mathematica"
,,,,,,,,,,,,
,,,PHP,,,,,,,,,Java
,JavaScript,CSS,,,,,C#,,,,,
,,,,,,SQL,,,,,,Java
,JavaScript,,,,,,,,,,,Java
,JavaScript,CSS,,,,SQL,C#,,,,,"ASP, Visual Basic"
,,CSS,PHP,,,SQL,C#,C++,,,,Common Lisp
,JavaScript,CSS,PHP,,,SQL,C#,C++,C,,,
,,,,,,,C#,C++,C,,,
,JavaScript,CSS,PHP,Python,,,,,,,,
,JavaScript,,PHP,,,SQL,,,,,,
,JavaScript,CSS,PHP,Python,,SQL,,,,Perl,,
,JavaScript,CSS,,Python,,SQL,C#,C++,C,,,
,JavaScript,CSS,PHP,,,SQL,,C++,,,,ActionScript
,,,,,,,,,,,,
,JavaScript,CSS,PHP,,Ruby,SQL,C#,,,,,
,JavaScript,CSS,PHP,,Ruby,,,,,,,
,,CSS,PHP,,Ruby,SQL,,C++,C,Perl,,"LabVIEW, MatLab"
,JavaScript,CSS,PHP,,Ruby,SQL,C#,C++,,,,
,,,,,,,C#,C++,C,,,Java
,JavaScript,CSS,,,,,C#,,,,,
,,,,Python,,SQL,C#,,,,,AS3
,,,,,Ruby,,,,,,,Haskell
,JavaScript,CSS,,Python,,,,,C,,,Objective-C
,JavaScript,,,,,,,,,,,
,JavaScript,CSS,,,,SQL,C#,C++,,,,
,,,,,,,,,,,,
,JavaScript,CSS,PHP,,Ruby,,,,,,,
,,,,,,SQL,C#,,,,,"VB, VBA"
,JavaScript,CSS,,Python,,,C#,C++,C,,,
,JavaScript,,PHP,Python,,SQL,,,,,,
,,,PHP,Python,,SQL,,C++,,,,
,JavaScript,CSS,PHP,,,SQL,,,,,,
,JavaScript,CSS,,,,SQL,C#,,,,,
,,,,,,SQL,,,,,,
,,,,,,,,,,,,
,JavaScript,,PHP,,,SQL,,,,,,Java
,JavaScript,CSS,,Python,,SQL,C#,C++,,,,
,JavaScript,CSS,PHP,,,SQL,C#,,,,,
,JavaScript,CSS,,,,SQL,C#,,,,,
,JavaScript,CSS,PHP,,,SQL,C#,,,Perl,,
,JavaScript,CSS,,,,SQL,C#,C++,C,,,
,,,,Python,,,,,,,,
,JavaScript,CSS,PHP,,,SQL,,,,,,
,JavaScript,CSS,PHP,,,SQL,,,,,,
,JavaScript,CSS,PHP,Python,,SQL,,C++,,,,
,JavaScript,CSS,,,Ruby,,,,C,,,"Common Lisp, Java"
,,,,,,,,,,,,Java
,,,,,,,C#,,,,,Java
,,,,,,,,,,,,cocoa
,JavaScript,CSS,PHP,,,SQL,,,,,,Java
,JavaScript,CSS,,,,SQL,C#,,,,,
,JavaScript,CSS,,,,SQL,,,,,,"Java, XSLT"
,JavaScript,CSS,,,Ruby,SQL,,,,,,VB.Net
,,,,,,,C#,C++,C,,,Java
,,,,,,SQL,,,,,,
,,,,,,,,,,,,
,JavaScript,,PHP,,,SQL,,,C,,,VB.Net
,,,,,,,,,,,,
,JavaScript,CSS,,,Ruby,SQL,,C++,,,,
,,,,,,,C#,C++,,,,Java
,JavaScript,,,,,SQL,C#,,,,,
,,,,,,,,,,,,java
,JavaScript,CSS,PHP,,,SQL,,C++,C,,,
,JavaScript,,PHP,,,,,C++,,,,
,JavaScript,CSS,,,Ruby,SQL,C#,,,,,
,JavaScript,CSS,,,,,,,,,,
,,CSS,PHP,,,,C#,,,,,VB.NET
,JavaScript,CSS,PHP,,,SQL,,,C,Perl,,"HTML, VB6"
,JavaScript,CSS,PHP,Python,,SQL,,,,,,
,,,,,,,,,,,,Delphi
,JavaScript,,,,,,,,,,,Java
,JavaScript,CSS,PHP,,,SQL,C#,C++,C,,,X3D
,JavaScript,,,,,SQL,C#,C++,C,,,
,,,,,,,,C++,C,,,
,JavaScript,CSS,PHP,,,,,,,,,Java
,,,,,,,,,,,,
,JavaScript,,,,,,,,,,,Java
,,,,,,,C#,,,,,
,,,,,,,,,,,,
,,CSS,PHP,,,SQL,,,,,,
,JavaScript,CSS,,,,,C#,,,,,"VB.NET, HTML"
,JavaScript,CSS,,,,SQL,C#,,,,,
,JavaScript,CSS,,,,SQL,C#,,,,,"Java, asp.net"
,,,,,,,C#,,,,,
,JavaScript,CSS,PHP,Python,,SQL,C#,C++,C,,,
,JavaScript,CSS,PHP,,,SQL,C#,C++,C,,,
,,,,Python,Ruby,,C#,,C,,,Lua
,JavaScript,,PHP,,Ruby,SQL,,,C,,,
,,,,,,,C#,,,,,
,JavaScript,CSS,PHP,,,,,,,,,
,JavaScript,CSS,,,,SQL,C#,,,,,
,JavaScript,CSS,PHP,,,SQL,,,C,,,"Java, Scheme"
,,,,,,,,,,,,
,,,,Python,,,,,,,,
,JavaScript,CSS,,,,,,,,,,
,JavaScript,CSS,PHP,,,SQL,C#,,,,,
,,,,,,,,,,,,
,,,,,,,,,,,,
,JavaScript,CSS,,,,SQL,C#,,,,,.NET
,JavaScript,CSS,PHP,,,SQL,,,,,,
,JavaScript,CSS,,,,SQL,C#,,,,,"Java, ActionScript"
,JavaScript,CSS,PHP,,,,,C++,C,,,
,,,,,,,,,,,,objective c
,,,,,,SQL,C#,,,,,
,JavaScript,CSS,,,,SQL,,C++,C,,,
,JavaScript,,,Python,Ruby,SQL,C#,C++,C,,,"Realbasic, Objective-C"
,,,,,,,,,,,,Java
,JavaScript,CSS,,,,SQL,C#,C++,C,,,
,,CSS,PHP,,,SQL,,,,,,JAVA (shame on you for not having it on the list)
,,,,,,,,,,,,Java
,JavaScript,,,,,,C#,C++,,,,Java
,JavaScript,CSS,,,,SQL,,,,,,"VB.net, Java"
,JavaScript,CSS,PHP,,,,,C++,C,,,objective-c
,JavaScript,CSS,,,,SQL,C#,,,,,
,JavaScript,CSS,PHP,,Ruby,SQL,,,,,,
,,CSS,,Python,,,,C++,C,,,JAVA
,,CSS,,,,SQL,C#,C++,,,,
,,,,,,,,,,,,
,,,,,,,C#,C++,C,,,
,JavaScript,CSS,,,,,C#,,,,,
,,,,,,,,,,,,
,JavaScript,CSS,PHP,,,SQL,C#,,,,,
,,,,,,,C#,,,,,Delphi
,JavaScript,CSS,,,,SQL,C#,C++,,Perl,,groovy
,JavaScript,,,,,SQL,,C++,C,,,Java
,JavaScript,CSS,,,,SQL,C#,C++,,,,
,,,,,,,,C++,,,,Java
,JavaScript,CSS,PHP,,,SQL,C#,,,,,
,JavaScript,CSS,,,,,,,,Perl,,"scheme, haskell"
,JavaScript,CSS,PHP,Python,Ruby,SQL,,,,,,
,JavaScript,,,,,,,,,,,Java
,JavaScript,CSS,PHP,,,SQL,,,,,,
,,,,Python,,SQL,,,,,,Java
,,,,,,,C#,,,,,
,JavaScript,CSS,,,,SQL,C#,,,,,
,,CSS,PHP,Python,,,,C++,C,,,java
,JavaScript,CSS,PHP,,,SQL,,,,,,Java
,JavaScript,,,,,SQL,C#,,,,,
,,,,,,SQL,C#,C++,C,,,Objective C
,,,,Python,,SQL,C#,,,,,
,JavaScript,CSS,PHP,,,SQL,,,,,,JSP
,,,PHP,Python,,,,C++,,,,
,JavaScript,CSS,PHP,,,SQL,,C++,,,,
,JavaScript,,,Python,,SQL,C#,C++,C,,,
,,,PHP,Python,Ruby,,C#,,C,,,
,JavaScript,,,,,,,,,,,
,,,,,,,,C++,,,,
,JavaScript,CSS,,,,,,,,Perl,,Objective-C
,,,,,,,,C++,,,,
,JavaScript,CSS,,,,SQL,C#,C++,,,,
,JavaScript,CSS,,,,,C#,,,,,"Java, JSP, HTML"
,JavaScript,CSS,PHP,,,SQL,C#,C++,C,Perl,,Java
,,,,,,,,,,,,Java
,JavaScript,,,,,SQL,C#,,,,,
,JavaScript,CSS,PHP,,,SQL,C#,C++,C,,,
,JavaScript,CSS,PHP,,,SQL,C#,,,,,
,,,,,,,C#,,,,,
,JavaScript,CSS,,,Ruby,SQL,C#,,,,,
,,,,,,,C#,C++,,,,"VB.NET, VB 6"
,JavaScript,CSS,PHP,,,SQL,,,,,,
,,,,,,,,,,,,
,JavaScript,CSS,PHP,Python,,SQL,C#,,C,Perl,,
,,,,Python,,,,C++,,,,
,JavaScript,CSS,,,,SQL,C#,,,,,Java
,JavaScript,CSS,PHP,Python,,SQL,,,,Perl,,
,JavaScript,CSS,,Python,,SQL,,C++,C,Perl,,
,,,,Python,,,C#,,,,,
,,,PHP,,Ruby,SQL,C#,,,,,
,JavaScript,CSS,PHP,Python,,,,C++,,,,
,JavaScript,CSS,,,,SQL,C#,,,,,
,JavaScript,,,,,SQL,C#,,,,,
,JavaScript,,,,Ruby,,,C++,C,Perl,,Scheme
,JavaScript,CSS,PHP,,,,C#,,,,,
,JavaScript,CSS,PHP,,,,,,,,,
,,,,Python,,,,,,,,Java
,,,,,,SQL,,C++,,,,
,JavaScript,CSS,,,,SQL,C#,,,,,
,JavaScript,CSS,,,,,C#,,,,,
,JavaScript,CSS,,,,SQL,C#,,,,,ocaml
,,,,,,,,,,,,
,JavaScript,CSS,,Python,,,,C++,C,,,
,,CSS,,,,SQL,C#,,,,,F#
,,,,,,SQL,,,,,,"pl/sql, Java"
,JavaScript,CSS,,,,SQL,C#,C++,,,,
,JavaScript,CSS,PHP,Python,,SQL,C#,,C,Perl,,"Obj-c, java,"
,,,,,,,,,,,,
,JavaScript,CSS,PHP,Python,,SQL,,C++,C,,,
,JavaScript,CSS,PHP,,Ruby,SQL,,C++,C,,,
,JavaScript,CSS,PHP,,,SQL,,,,,,
,,,,,,SQL,C#,C++,C,,,delphi
,JavaScript,CSS,,,Ruby,,,C++,,,,Groovy
,,,,,,SQL,,,C,Perl,,You need a box for OS=UNIX Ã
,JavaScript,,,,,SQL,C#,,,,,
,,CSS,,,,,C#,,C,,,
,JavaScript,CSS,PHP,,,SQL,C#,,,Perl,,English
,,,,,,,,,,,,
,JavaScript,CSS,PHP,,,SQL,C#,,,,,
,JavaScript,CSS,,Python,,SQL,C#,C++,C,,,
,JavaScript,,,,,SQL,,,,,,Java (shocked this wasn't in the survey)
,JavaScript,CSS,,,Ruby,SQL,C#,,,,,
,JavaScript,CSS,,,,,C#,,,,,
,JavaScript,CSS,,,,SQL,C#,,,,,
,JavaScript,,,Python,,,,C++,C,,,
,JavaScript,CSS,,,Ruby,SQL,,,C,Perl,,
,,,,,,,,,,,,
,JavaScript,CSS,,Python,Ruby,,C#,,,,,
,JavaScript,CSS,PHP,Python,,SQL,C#,,,,,
,JavaScript,,,,,,,C++,C,,,Java
,JavaScript,,,Python,,,,C++,C,Perl,,
,JavaScript,CSS,PHP,,,SQL,C#,,,,,
,JavaScript,CSS,PHP,Python,Ruby,SQL,,,,,,Java
,JavaScript,CSS,,,,SQL,C#,C++,C,Perl,,
,JavaScript,CSS,,,,SQL,C#,,,,,
,JavaScript,CSS,PHP,,,SQL,,,,,,
,JavaScript,,PHP,Python,,SQL,,,,,,Objective-C
,,,,,,SQL,C#,C++,,,,
,JavaScript,CSS,PHP,,,,C#,,,,,"VB.NET, Avisynth, Shell"
,,,,,,,,,,,,
,,CSS,,,,SQL,C#,,,,,
,JavaScript,CSS,PHP,Python,,SQL,C#,,C,,,
,,,PHP,Python,,,,,C,,,
,JavaScript,CSS,PHP,Python,,SQL,,,,,,
,,,,,,,,,,,,
,JavaScript,CSS,,,,,,,C,Perl,,"HTML, LaTeX"
,JavaScript,CSS,PHP,,,SQL,,C++,,,,
,,,,,,,,,,,,
,JavaScript,CSS,,,,SQL,C#,C++,C,,,
,JavaScript,CSS,,,,SQL,C#,,,,,
,JavaScript,CSS,PHP,,,SQL,C#,,,,,
,JavaScript,,PHP,Python,,SQL,,,,Perl,,
,,,,,,,C#,C++,C,,,
